Ticker,CashAmount,ExDividendDate,RecordDate,PayDate,Frequency,DividendType,Currency
TTFNF,0.79,2025-03-27,2025-03-27,2025-04-01,4,CD,EUR
TTFNF,0.85,2025-06-20,2025-06-20,2025-07-01,4,CD,EUR
GLAXF,0.16,2025-02-21,2025-02-21,2025-04-10,4,CD,GBP
NCDL,0.1,2025-02-12,2025-02-12,2025-04-28,4,CD,USD
OBDE,0.06,2025-02-28,2025-02-28,2025-03-14,4,CD,USD
OBDE,0.06,2025-05-30,2025-05-30,2025-06-13,4,CD,USD
AIRTP,0.5,2025-02-14,2025-02-14,2025-02-18,4,CD,USD
AIRTP,0.5,2025-05-14,2025-05-14,2025-05-15,4,CD,USD
AIRTP,0.5,2025-08-14,2025-08-14,2025-08-15,4,CD,USD
AIRTP,0.5,2025-11-14,2025-11-14,2025-11-17,4,CD,USD
NONOF,7.9,2025-03-31,2025-03-31,2025-04-01,2,CD,DKK
GRMN,0.75,2025-03-14,2025-03-14,2025-03-28,4,CD,USD
BG,0.68,2025-02-18,2025-02-18,2025-03-04,4,CD,USD
TEL,0.65,2025-02-21,2025-02-21,2025-03-07,4,CD,USD
STM,0.09,2025-03-25,2025-03-25,2025-04-01,4,CD,USD
STMEF,0.09,2025-03-25,2025-03-25,2025-03-26,4,CD,USD
CPGAF,0.03,2025-03-31,2025-03-31,2025-04-03,4,CD,SEK
ALITF,0.0673,2025-02-28,2025-02-28,2025-03-31,4,CD,GBP
RWFRF,0.018675,2025-02-14,2025-02-14,2025-03-31,4,CD,GBP
VARNF,0.25,2025-05-06,2025-05-06,2025-05-07,4,CD,CHF
IMBBF,0.5426,2025-02-21,2025-02-21,2025-03-31,4,CD,GBP
NCCGF,0.015,2025-02-21,2025-02-21,2025-04-04,0,SC,GBP
AVAL,0.0094972,2025-02-28,2025-02-28,2025-03-10,12,CD,USD
IMBBF,0.4008,2025-05-23,2025-05-23,2025-06-30,4,CD,GBP
IMBBF,0.4008,2025-08-22,2025-08-22,2025-09-30,4,CD,GBP
HRZN,0.11,2025-02-18,2025-02-18,2025-03-14,12,CD,USD
SIMO,0.5,2025-02-13,2025-02-13,2025-02-27,4,CD,USD
SIMO,0.5,2025-05-08,2025-05-08,2025-05-22,4,CD,USD
SIMO,0.5,2025-08-07,2025-08-07,2025-08-21,4,CD,USD
SOR,0.2083,2025-02-14,2025-02-14,2025-02-28,12,CD,USD
PECO,0.1025,2025-02-18,2025-02-18,2025-03-04,12,CD,USD
OXSQ,0.035,2025-02-14,2025-02-14,2025-02-28,12,CD,USD
RYDAF,0.358,2025-02-14,2025-02-14,2025-03-24,4,CD,USD
OXSQ,0.035,2025-03-17,2025-03-17,2025-03-31,12,CD,USD
CLM,0.1224,2025-02-14,2025-02-14,2025-02-28,12,CD,USD
CRF,0.1168,2025-02-14,2025-02-14,2025-02-28,12,CD,USD
OXLC,0.09,2025-02-14,2025-02-14,2025-02-28,12,CD,USD
OXLCN,0.1484375,2025-02-14,2025-02-14,2025-02-28,12,CD,USD
OXLCO,0.125,2025-02-14,2025-02-14,2025-02-28,12,CD,USD
OXLCP,0.13020833,2025-02-14,2025-02-14,2025-02-28,12,CD,USD
CLM,0.1224,2025-03-14,2025-03-14,2025-03-31,12,CD,USD
CRF,0.1168,2025-03-14,2025-03-14,2025-03-31,12,CD,USD
OXLC,0.09,2025-03-17,2025-03-17,2025-03-31,12,CD,USD
TEAF,0.09,2025-02-21,2025-02-21,2025-02-28,12,CD,USD
MAIN,0.25,2025-03-07,2025-03-07,2025-03-14,12,CD,USD
ECC,0.14,2025-02-10,2025-02-10,2025-02-28,12,CD,USD
ECCC,0.135417,2025-02-10,2025-02-10,2025-02-28,12,CD,USD
ECCF,0.166667,2025-02-10,2025-02-10,2025-02-28,12,CD,USD
ECCPRD,0.140625,2025-02-10,2025-02-10,2025-02-28,12,CD,USD
EGLPP,0.169271,2025-02-10,2025-02-10,2025-02-28,12,CD,USD
EIC,0.2,2025-02-10,2025-02-10,2025-02-28,12,CD,USD
EICA,0.104167,2025-02-10,2025-02-10,2025-02-28,12,CD,USD
EICB,0.161459,2025-02-10,2025-02-10,2025-02-28,12,CD,USD
EICC,0.166667,2025-02-10,2025-02-10,2025-02-28,12,CD,USD
EIIA,0.169271,2025-02-10,2025-02-10,2025-02-28,12,CD,USD
MDV,0.0975,2025-02-28,2025-02-28,2025-03-25,12,CD,USD
ECC,0.14,2025-03-11,2025-03-11,2025-03-31,12,CD,USD
ECCC,0.135417,2025-03-11,2025-03-11,2025-03-31,12,CD,USD
ECCF,0.166667,2025-03-11,2025-03-11,2025-03-31,12,CD,USD
ECCPRD,0.140625,2025-03-11,2025-03-11,2025-03-31,12,CD,USD
EGLPP,0.169271,2025-03-11,2025-03-11,2025-03-31,12,CD,USD
EIC,0.2,2025-03-11,2025-03-11,2025-03-31,12,CD,USD
EICA,0.104167,2025-03-11,2025-03-11,2025-03-31,12,CD,USD
EICB,0.161459,2025-03-11,2025-03-11,2025-03-31,12,CD,USD
EICC,0.166667,2025-03-11,2025-03-11,2025-03-31,12,CD,USD
EIIA,0.169271,2025-03-11,2025-03-11,2025-03-31,12,CD,USD
MDV,0.0975,2025-03-31,2025-03-31,2025-04-25,12,CD,USD
SPMA,0.1667,2025-02-14,2025-02-14,2025-02-28,12,CD,USD
SPMC,0.24,2025-02-14,2025-02-14,2025-02-28,12,CD,USD
SPMCP,0.1667,2025-02-14,2025-02-14,2025-02-28,12,CD,USD
BIRDF,0.07,2025-02-28,2025-02-28,2025-03-20,12,CD,CAD
SPMA,0.1667,2025-03-14,2025-03-14,2025-03-31,12,CD,USD
SPMC,0.24,2025-03-14,2025-03-14,2025-03-31,12,CD,USD
SPMCP,0.1667,2025-03-14,2025-03-14,2025-03-31,12,CD,USD
FRMUF,0.04333,2025-02-28,2025-02-28,2025-03-17,12,CD,CAD
TSN,0.5,2025-02-28,2025-02-28,2025-03-14,4,CD,USD
FRMUF,0.04333,2025-03-31,2025-03-31,2025-04-15,12,CD,CAD
HPEPRC,0.953125,2025-02-14,2025-02-15,2025-03-03,4,CD,USD
DEC,0.29,2025-02-28,2025-02-28,2025-03-31,4,CD,USD
TSM,0.694165,2025-03-18,2025-03-18,2025-04-10,4,CD,USD
GDV,0.14,2025-02-13,2025-02-13,2025-02-21,12,CD,USD
GGN,0.03,2025-02-13,2025-02-13,2025-02-21,12,CD,USD
GLU,0.1,2025-02-13,2025-02-13,2025-02-21,12,CD,USD
GNT,0.04,2025-02-13,2025-02-13,2025-02-21,12,CD,USD
GUT,0.05,2025-02-13,2025-02-13,2025-02-21,12,CD,USD
GDV,0.14,2025-03-17,2025-03-17,2025-03-24,12,CD,USD
GGN,0.03,2025-03-17,2025-03-17,2025-03-24,12,CD,USD
GLU,0.1,2025-03-17,2025-03-17,2025-03-24,12,CD,USD
GNT,0.04,2025-03-17,2025-03-17,2025-03-24,12,CD,USD
GUT,0.05,2025-03-17,2025-03-17,2025-03-24,12,CD,USD
TNSGF,0.0075,2025-03-28,2025-03-28,2025-04-17,4,CD,CAD
CIXXF,0.2,2025-03-31,2025-03-31,2025-04-15,4,CD,CAD
CNNRF,0.02875,2025-02-14,2025-02-14,2025-02-28,12,CD,CAD
BWG,0.08,2025-02-21,2025-02-21,2025-03-03,12,CD,USD
DMO,0.13,2025-02-21,2025-02-21,2025-03-03,12,CD,USD
EHI,0.07,2025-02-21,2025-02-21,2025-03-03,12,CD,USD
EMD,0.0875,2025-02-21,2025-02-21,2025-03-03,12,CD,USD
EMO,0.33,2025-02-21,2025-02-21,2025-03-03,12,CD,USD
GDO,0.122,2025-02-21,2025-02-21,2025-03-03,12,CD,USD
HIO,0.0355,2025-02-21,2025-02-21,2025-03-03,12,CD,USD
HIX,0.049,2025-02-21,2025-02-21,2025-03-03,12,CD,USD
HYI,0.095,2025-02-21,2025-02-21,2025-03-03,12,CD,USD
IGI,0.071,2025-02-21,2025-02-21,2025-03-03,12,CD,USD
MHF,0.034,2025-02-21,2025-02-21,2025-03-03,12,CD,USD
MMU,0.0545,2025-02-21,2025-02-21,2025-03-03,12,CD,USD
SBI,0.042,2025-02-21,2025-02-21,2025-03-03,12,CD,USD
SCD,0.113,2025-02-21,2025-02-21,2025-03-03,12,CD,USD
WDI,0.1485,2025-02-21,2025-02-21,2025-03-03,12,CD,USD
IFNNY,0.37149,2025-02-24,2025-02-24,2025-03-03,1,CD,USD
CNNRF,0.02875,2025-03-14,2025-03-14,2025-03-31,12,CD,CAD
ACV,0.18,2025-02-13,2025-02-13,2025-02-27,12,CD,USD
AIO,0.15,2025-02-13,2025-02-13,2025-02-27,12,CD,USD
EDF,0.06,2025-02-13,2025-02-13,2025-02-27,12,CD,USD
NCV,0.136,2025-02-13,2025-02-13,2025-02-27,12,CD,USD
NCZ,0.12,2025-02-13,2025-02-13,2025-02-27,12,CD,USD
VGI,0.08,2025-02-13,2025-02-13,2025-02-27,12,CD,USD
ZTR,0.05,2025-02-13,2025-02-13,2025-02-27,12,CD,USD
CCIA,0.1823,2025-02-18,2025-02-18,2025-02-28,12,CD,USD
CCIF,0.105,2025-02-18,2025-02-18,2025-02-28,12,CD,USD
SWX,0.62,2025-02-18,2025-02-18,2025-03-03,4,CD,USD
ACV,0.18,2025-03-13,2025-03-13,2025-03-28,12,CD,USD
AIO,0.15,2025-03-13,2025-03-13,2025-03-28,12,CD,USD
EDF,0.06,2025-03-13,2025-03-13,2025-03-28,12,CD,USD
NCV,0.136,2025-03-13,2025-03-13,2025-03-28,12,CD,USD
NCZ,0.12,2025-03-13,2025-03-13,2025-03-28,12,CD,USD
NFJ,0.305,2025-03-13,2025-03-13,2025-03-28,4,CD,USD
NIE,0.5,2025-03-13,2025-03-13,2025-03-28,4,CD,USD
VGI,0.08,2025-03-13,2025-03-13,2025-03-28,12,CD,USD
ZTR,0.05,2025-03-13,2025-03-13,2025-03-28,12,CD,USD
PYPTF,0.097,2025-02-28,2025-02-28,2025-03-28,0,SC,GBP
TMUS,0.88,2025-02-28,2025-02-28,2025-03-13,4,CD,USD
PAI,0.0515,2025-02-21,2025-02-21,2025-03-03,12,CD,USD
WEA,0.07,2025-02-21,2025-02-21,2025-03-03,12,CD,USD
WIA,0.05,2025-02-21,2025-02-21,2025-02-28,12,CD,USD
WIW,0.0605,2025-02-21,2025-02-21,2025-02-28,12,CD,USD
TTE,0.8308351,2025-03-25,2025-03-25,2025-04-16,4,CD,USD
CEGHF,0.1112,2025-02-21,2025-02-21,2025-03-26,2,CD,HKD
EJTTF,0.121,2025-02-21,2025-02-21,2025-03-21,1,CD,GBP
MRPMF,0.001,2025-02-14,2025-02-17,2025-03-07,1,CD,SGD
IPXAF,0.229,2025-02-21,2025-02-21,2025-03-21,2,CD,GBP
DOCMF,0.0085,2025-03-07,2025-03-07,2025-04-08,2,CD,GBP
GHY,0.105,2025-02-13,2025-02-13,2025-02-28,12,CD,USD
ISD,0.105,2025-02-13,2025-02-13,2025-02-28,12,CD,USD
SDHY,0.108,2025-02-13,2025-02-13,2025-02-28,12,CD,USD
EBBGF,0.41898,2025-02-14,2025-02-14,2025-03-01,4,CD,USD
EBBNF,0.36612,2025-02-14,2025-02-14,2025-03-01,4,CD,USD
EBGEF,0.41769,2025-02-14,2025-02-14,2025-03-01,4,CD,USD
EBRGF,0.32513,2025-02-14,2025-02-14,2025-03-01,4,CD,CAD
EBRZF,0.33825,2025-02-14,2025-02-14,2025-03-01,4,CD,CAD
ENBFF,0.18644,2025-02-14,2025-02-14,2025-03-01,4,CD,CAD
ENBGF,0.34375,2025-02-14,2025-02-14,2025-03-01,4,CD,CAD
ENBHF,0.382,2025-02-14,2025-02-14,2025-03-01,4,CD,CAD
ENBMF,0.36988,2025-02-14,2025-02-14,2025-03-01,4,CD,CAD
ENBNF,0.3305,2025-02-14,2025-02-14,2025-03-01,4,CD,CAD
ENBOF,0.19019,2025-02-14,2025-02-14,2025-03-01,4,CD,CAD
ENBRF,0.37425,2025-02-14,2025-02-14,2025-03-01,4,CD,CAD
ENBSF,0.3545,2025-02-14,2025-02-14,2025-03-01,4,CD,CAD
ENNPF,0.4185,2025-02-14,2025-02-14,2025-03-01,4,CD,CAD
AFL,0.58,2025-02-19,2025-02-19,2025-03-03,4,CD,USD
ENB,0.9425,2025-02-14,2025-02-14,2025-03-01,4,CD,CAD
MSFT,0.83,2025-02-20,2025-02-20,2025-03-13,4,CD,USD
ATGFF,0.315,2025-03-17,2025-03-17,2025-03-31,4,CD,CAD
CLPIF,1,2025-03-24,2025-03-24,2025-03-25,1,CD,EUR
FORFF,0.3063,2025-02-18,2025-02-18,2025-03-01,4,CD,CAD
FRTSF,0.11469,2025-02-18,2025-02-18,2025-03-01,4,CD,CAD
FTPSF,0.3433125,2025-02-18,2025-02-18,2025-03-01,4,CD,CAD
FTRSF,0.3826875,2025-02-18,2025-02-18,2025-03-01,4,CD,CAD
FTS,0.615,2025-02-18,2025-02-18,2025-03-01,4,CD,CAD
WSR,0.045,2025-03-03,2025-03-03,2025-03-11,12,CD,USD
DIS,0.5,2025-06-24,2025-06-24,2025-07-23,2,CD,USD
WEC,0.8925,2025-02-14,2025-02-14,2025-03-01,4,CD,USD
TYG,0.365,2025-02-21,2025-02-21,2025-02-28,12,CD,USD
METC,0.1375,2025-02-28,2025-02-28,2025-03-14,4,CD,USD
CDDRF,0.11,2025-03-31,2025-03-31,2025-04-15,4,CD,CAD
MCEM,0.75,2025-02-14,2025-02-14,2025-03-14,4,CD,USD
ESYJY,0.15494,2025-02-21,2025-02-21,2025-03-26,1,CD,USD
TRNTF,0.33972,2025-02-28,2025-03-01,2025-03-31,4,CD,CAD
FF,0.06,2025-03-04,2025-03-04,2025-03-18,4,CD,USD
MORN,0.455,2025-04-04,2025-04-04,2025-04-30,4,CD,USD
FF,0.06,2025-06-04,2025-06-04,2025-06-18,4,CD,USD
MORN,0.455,2025-07-11,2025-07-11,2025-07-31,4,CD,USD
FF,0.06,2025-09-04,2025-09-04,2025-09-18,4,CD,USD
MORN,0.455,2025-10-03,2025-10-03,2025-10-31,4,CD,USD
FF,0.06,2025-12-04,2025-12-04,2025-12-18,4,CD,USD
TJX,0.375,2025-02-13,2025-02-13,2025-03-06,4,CD,USD
LLY,1.5,2025-02-14,2025-02-14,2025-03-10,4,CD,USD
TAC,0.06,2025-02-28,2025-03-01,2025-04-01,4,CD,CAD
TACPF,0.36588,2025-02-28,2025-03-01,2025-03-31,4,CD,CAD
TSLTF,0.43088,2025-02-28,2025-03-01,2025-03-31,4,CD,CAD
PCAR,0.33,2025-02-12,2025-02-12,2025-03-05,4,CD,USD
AMGN,2.38,2025-02-14,2025-02-14,2025-03-07,4,CD,USD
HBANM,0.35625,2025-02-14,2025-02-15,2025-03-03,4,CD,USD
FBIN,0.25,2025-02-21,2025-02-21,2025-03-12,4,CD,USD
WTRG,0.3255,2025-02-10,2025-02-10,2025-03-03,4,CD,USD
HP,0.25,2025-02-14,2025-02-14,2025-02-28,4,CD,USD
PCGEP,0.7167,2025-02-14,2025-02-14,2025-03-03,4,CD,USD
PCGPRX,0.7167,2025-02-14,2025-02-14,2025-03-03,4,CD,USD
SBUX,0.61,2025-02-14,2025-02-14,2025-02-28,4,CD,USD
SMAWF,5.2,2025-02-14,2025-02-17,2025-02-18,1,CD,EUR
BGH,0.1223,2025-02-19,2025-02-19,2025-03-03,12,CD,USD
ODC,0.155,2025-02-21,2025-02-21,2025-03-07,4,CD,USD
PCGEP,0.75,2025-05-15,2025-05-15,2025-06-02,4,CD,USD
PCGPRX,0.75,2025-05-15,2025-05-15,2025-06-02,4,CD,USD
GMUAF,0.05,2025-02-10,2025-02-10,2025-03-10,2,CD,MYR
EGHSF,0.26,2025-02-14,2025-02-14,2025-02-28,4,CD,CAD
DPG,0.07,2025-02-28,2025-02-28,2025-03-10,12,CD,USD
FCMGF,0.078,2025-02-28,2025-02-28,2025-03-17,12,CD,CAD
GCCO,5,2025-03-07,2025-03-07,2025-03-28,4,CD,USD
BXSY,0.25,2025-03-17,2025-03-17,2025-03-27,4,CD,USD
DPG,0.07,2025-03-31,2025-03-31,2025-04-10,12,CD,USD
FCMGF,0.078,2025-03-31,2025-03-31,2025-04-15,12,CD,CAD
BXSY,0.25,2025-06-16,2025-06-16,2025-06-27,4,CD,USD
BXSY,0.25,2025-09-16,2025-09-16,2025-09-26,4,CD,USD
BXSY,0.25,2025-12-15,2025-12-15,2025-12-26,4,CD,USD
AMAT,0.4,2025-02-20,2025-02-20,2025-03-13,4,CD,USD
CNP,0.22,2025-02-20,2025-02-20,2025-03-13,4,CD,USD
BGB,0.089,2025-02-21,2025-02-21,2025-02-28,12,CD,USD
BGX,0.097,2025-02-21,2025-02-21,2025-02-28,12,CD,USD
BSL,0.108,2025-02-21,2025-02-21,2025-02-28,12,CD,USD
DTF,0.0325,2025-02-18,2025-02-18,2025-02-28,12,CD,USD
UTG,0.19,2025-02-18,2025-02-18,2025-02-28,12,CD,USD
DNP,0.065,2025-02-28,2025-02-28,2025-03-10,12,CD,USD
DTF,0.0325,2025-03-17,2025-03-17,2025-03-31,12,CD,USD
GECC,0.37,2025-03-17,2025-03-17,2025-03-31,4,CD,USD
UTG,0.19,2025-03-18,2025-03-18,2025-03-31,12,CD,USD
DNP,0.065,2025-03-31,2025-03-31,2025-04-10,12,CD,USD
CNLHN,0.4875,2025-02-10,2025-02-10,2025-03-01,4,CD,USD
CNLHP,0.5625,2025-02-10,2025-02-10,2025-03-01,4,CD,USD
GROW,0.0075,2025-02-10,2025-02-10,2025-02-24,12,CD,USD
CNLPL,0.81,2025-03-10,2025-03-10,2025-04-01,4,CD,USD
CNTHO,0.66,2025-03-10,2025-03-10,2025-04-01,4,CD,USD
KIO,0.1215,2025-03-14,2025-03-14,2025-03-31,12,CD,USD
WOR,0.17,2025-03-14,2025-03-14,2025-03-28,4,CD,USD
GROW,0.0075,2025-03-17,2025-03-17,2025-03-31,12,CD,USD
CMGMF,0.052,2025-03-21,2025-03-21,2025-04-11,2,CD,GBP
EBRPF,0.23,2025-03-31,2025-03-31,2025-04-01,4,CD,EUR
EBRPF,0.23,2025-06-27,2025-06-27,2025-06-30,4,CD,EUR
EBRPF,0.23,2025-09-30,2025-09-30,2025-10-01,4,CD,EUR
FOF,0.087,2025-02-11,2025-02-11,2025-02-28,12,CD,USD
LDP,0.131,2025-02-11,2025-02-11,2025-02-28,12,CD,USD
PSF,0.126,2025-02-11,2025-02-11,2025-02-28,12,CD,USD
PTA,0.134,2025-02-11,2025-02-11,2025-02-28,12,CD,USD
RFI,0.08,2025-02-11,2025-02-11,2025-02-28,12,CD,USD
RLTY,0.11,2025-02-11,2025-02-11,2025-02-28,12,CD,USD
RNP,0.136,2025-02-11,2025-02-11,2025-02-28,12,CD,USD
RQI,0.08,2025-02-11,2025-02-11,2025-02-28,12,CD,USD
UTF,0.155,2025-02-11,2025-02-11,2025-02-28,12,CD,USD
PRMRF,3,2025-02-18,2025-02-10,2025-02-14,0,SC,CAD
SEMHF,0.95,2025-02-20,2025-02-20,2025-02-21,1,CD,EUR
FOF,0.087,2025-03-11,2025-03-11,2025-03-31,12,CD,USD
LDP,0.131,2025-03-11,2025-03-11,2025-03-31,12,CD,USD
PSF,0.126,2025-03-11,2025-03-11,2025-03-31,12,CD,USD
PTA,0.134,2025-03-11,2025-03-11,2025-03-31,12,CD,USD
RFI,0.08,2025-03-11,2025-03-11,2025-03-31,12,CD,USD
RLTY,0.11,2025-03-11,2025-03-11,2025-03-31,12,CD,USD
RNP,0.136,2025-03-11,2025-03-11,2025-03-31,12,CD,USD
RQI,0.08,2025-03-11,2025-03-11,2025-03-31,12,CD,USD
UTF,0.155,2025-03-11,2025-03-11,2025-03-31,12,CD,USD
WS,0.16,2025-03-14,2025-03-14,2025-03-28,4,CD,USD
PNMRF,0.07,2025-03-13,2025-03-13,2025-03-26,0,SC,HKD
VDRFF,1.1198,2025-02-13,2025-02-13,2025-02-14,2,CD,EUR
MOS,0.22,2025-03-06,2025-03-06,2025-03-20,4,CD,USD
ALBPRA,0.906199992,2025-02-14,2025-02-14,2025-03-03,4,CD,USD
BKDT,0.875,2025-02-14,2025-02-14,2025-02-18,4,CD,USD
PDCPP,0.1667,2025-02-14,2025-02-14,2025-02-28,12,CD,USD
PDPA,0.1667,2025-02-14,2025-02-14,2025-02-28,12,CD,USD
NEEPRR,0.865800023,2025-02-28,2025-02-28,2025-03-03,4,CD,USD
NEEPRS,0.912400007,2025-02-28,2025-02-28,2025-03-03,4,CD,USD
ARACX,0.154,2025-03-03,2025-03-03,2025-03-05,12,CD,USD
IRACX,0.156,2025-03-03,2025-03-03,2025-03-05,12,CD,USD
LRACX,0.152,2025-03-03,2025-03-03,2025-03-05,12,CD,USD
RACRX,0.149,2025-03-03,2025-03-03,2025-03-05,12,CD,USD
ARACX,0.154,2025-04-01,2025-04-01,2025-04-03,12,CD,USD
IRACX,0.156,2025-04-01,2025-04-01,2025-04-03,12,CD,USD
LRACX,0.152,2025-04-01,2025-04-01,2025-04-03,12,CD,USD
RACRX,0.149,2025-04-01,2025-04-01,2025-04-03,12,CD,USD
ITUB,0.0028504,2025-04-02,2025-04-02,2025-05-09,12,CD,USD
ITUB,0.0028504,2025-06-03,2025-06-03,2025-07-09,12,CD,USD
ITUB,0.0028504,2025-03-04,2025-03-04,2025-04-08,12,CD,USD
ITUB,0.0028504,2025-05-05,2025-05-05,2025-06-09,12,CD,USD
ITUB,0.0028504,2025-07-02,2025-07-02,2025-08-08,12,CD,USD
RA,0.118,2025-03-13,2025-03-13,2025-03-27,12,CD,USD
IFNNF,0.35,2025-02-24,2025-02-24,2025-02-25,1,CD,EUR
GTLSPRB,0.84375,2025-02-28,2025-02-28,2025-03-17,4,CD,USD
AIAGF,1.5,2025-04-07,2025-04-07,2025-04-08,1,CD,EUR
HCTPF,0.009245,2025-02-18,2025-02-18,2025-03-28,2,CD,USD
EFSG,0.445,2025-02-12,2025-02-12,2025-02-17,1,CD,USD
PGZ,0.105,2025-02-13,2025-02-13,2025-02-28,12,CD,USD
ARRPRC,0.14583,2025-02-14,2025-02-15,2025-02-27,12,CD,USD
LTSAP,0.1667,2025-02-14,2025-02-15,2025-02-28,12,CD,USD
OPP,0.095,2025-02-14,2025-02-14,2025-02-28,12,CD,USD
RFM,0.094,2025-02-14,2025-02-14,2025-02-28,12,CD,USD
RFMZ,0.0858,2025-02-14,2025-02-14,2025-02-28,12,CD,USD
RIV,0.1277,2025-02-14,2025-02-14,2025-02-28,12,CD,USD
RMI,0.0945,2025-02-14,2025-02-14,2025-02-28,12,CD,USD
RMM,0.0905,2025-02-14,2025-02-14,2025-02-28,12,CD,USD
RMMZ,0.0951,2025-02-14,2025-02-14,2025-02-28,12,CD,USD
RSF,0.1357,2025-02-14,2025-02-14,2025-02-28,12,CD,USD
JNJ,1.24,2025-02-18,2025-02-18,2025-03-04,4,CD,USD
LTC,0.19,2025-02-20,2025-02-20,2025-02-28,12,CD,USD
HGLB,0.088,2025-02-21,2025-02-21,2025-02-28,12,CD,USD
ARRPRC,0.14583,2025-03-14,2025-03-15,2025-03-27,12,CD,USD
LTSAP,0.1667,2025-03-14,2025-03-15,2025-03-28,12,CD,USD
OPP,0.095,2025-03-14,2025-03-14,2025-03-31,12,CD,USD
RFM,0.094,2025-03-14,2025-03-14,2025-03-31,12,CD,USD
RFMZ,0.0858,2025-03-14,2025-03-14,2025-03-31,12,CD,USD
RIV,0.1277,2025-03-14,2025-03-14,2025-03-31,12,CD,USD
RMI,0.0945,2025-03-14,2025-03-14,2025-03-31,12,CD,USD
RMM,0.0905,2025-03-14,2025-03-14,2025-03-31,12,CD,USD
RMMZ,0.0951,2025-03-14,2025-03-14,2025-03-31,12,CD,USD
RSF,0.1357,2025-03-14,2025-03-14,2025-03-31,12,CD,USD
PGZ,0.105,2025-03-17,2025-03-17,2025-03-31,12,CD,USD
LTC,0.19,2025-03-21,2025-03-21,2025-03-31,12,CD,USD
HGLB,0.088,2025-03-24,2025-03-24,2025-03-31,12,CD,USD
PGZ,0.105,2025-04-15,2025-04-15,2025-04-30,12,CD,USD
PDCPP,0.1667,2025-03-17,2025-03-17,2025-03-31,12,CD,USD
PDPA,0.1667,2025-03-17,2025-03-17,2025-03-31,12,CD,USD
PDCPP,0.1667,2025-04-16,2025-04-16,2025-04-30,12,CD,USD
PDPA,0.1667,2025-04-16,2025-04-16,2025-04-30,12,CD,USD
MMS,0.3,2025-02-14,2025-02-15,2025-02-28,4,CD,USD
TT,0.94,2025-03-07,2025-03-07,2025-03-31,4,CD,USD
SPE,0.1098,2025-02-18,2025-02-18,2025-02-28,12,CD,USD
MLAB,0.16,2025-02-28,2025-02-28,2025-03-17,4,CD,USD
SQFTP,0.19531,2025-02-28,2025-02-28,2025-03-17,12,CD,USD
SPE,0.1098,2025-03-18,2025-03-18,2025-03-31,12,CD,USD
SQFTP,0.19531,2025-03-31,2025-03-31,2025-04-15,12,CD,USD
XPAY,0.952845,2025-02-12,2025-02-12,2025-02-13,12,CD,USD
GLO,0.0501,2025-02-18,2025-02-18,2025-02-28,12,CD,USD
GLQ,0.065,2025-02-18,2025-02-18,2025-02-28,12,CD,USD
GLV,0.0526,2025-02-18,2025-02-18,2025-02-28,12,CD,USD
PCF,0.0593,2025-02-18,2025-02-18,2025-02-28,12,CD,USD
UMH,0.215,2025-02-18,2025-02-18,2025-03-17,4,CD,USD
UMHPRD,0.3984375,2025-02-18,2025-02-18,2025-03-17,4,CD,USD
OGS,0.67,2025-02-21,2025-02-21,2025-03-07,4,CD,USD
XPAY,0.952845,2025-03-12,2025-03-12,2025-03-13,12,CD,USD
CHSCL,0.46875,2025-03-17,2025-03-17,2025-03-31,4,CD,USD
CHSCM,0.421875,2025-03-17,2025-03-17,2025-03-31,4,CD,USD
CHSCN,0.443749994,2025-03-17,2025-03-17,2025-03-31,4,CD,USD
CHSCO,0.492188007,2025-03-17,2025-03-17,2025-03-31,4,CD,USD
CHSCP,0.5,2025-03-17,2025-03-17,2025-03-31,4,CD,USD
GLO,0.0501,2025-03-18,2025-03-18,2025-03-31,12,CD,USD
GLQ,0.065,2025-03-18,2025-03-18,2025-03-31,12,CD,USD
GLV,0.0526,2025-03-18,2025-03-18,2025-03-31,12,CD,USD
PCF,0.0593,2025-03-18,2025-03-18,2025-03-31,12,CD,USD
XPAY,0.952845,2025-04-09,2025-04-09,2025-04-10,12,CD,USD
XPAY,0.952845,2025-05-07,2025-05-07,2025-05-08,12,CD,USD
XPAY,0.952845,2025-06-11,2025-06-11,2025-06-12,12,CD,USD
XPAY,0.952845,2025-07-09,2025-07-09,2025-07-10,12,CD,USD
XPAY,0.952845,2025-08-06,2025-08-06,2025-08-07,12,CD,USD
XPAY,0.952845,2025-09-10,2025-09-10,2025-09-11,12,CD,USD
XPAY,0.952845,2025-10-08,2025-10-08,2025-10-09,12,CD,USD
XPAY,0.952845,2025-11-12,2025-11-12,2025-11-13,12,CD,USD
XPAY,0.952845,2025-12-10,2025-12-10,2025-12-11,12,CD,USD
JEF,0.4,2025-02-14,2025-02-14,2025-02-27,4,CD,USD
ACLTF,0.5045,2025-02-27,2025-02-27,2025-03-31,4,CD,CAD
LH,0.72,2025-02-27,2025-02-27,2025-03-12,4,CD,USD
PPLOF,0.412813,2025-03-17,2025-03-17,2025-03-31,4,CD,CAD
TLLXY,1.402785,2025-05-12,2025-05-12,2025-05-28,1,CD,USD
DUK,1.045,2025-02-14,2025-02-14,2025-03-17,4,CD,USD
DUKPRA,0.359375,2025-02-14,2025-02-14,2025-03-17,4,CD,USD
RPRX,0.22,2025-02-21,2025-02-21,2025-03-10,4,CD,USD
ACLLF,0.5045,2025-02-27,2025-02-27,2025-03-31,4,CD,CAD
EFRTF,0.05333,2025-02-28,2025-02-28,2025-03-14,12,CD,CAD
SCM,0.1333,2025-02-28,2025-02-28,2025-03-14,12,CD,USD
SCM,0.1333,2025-03-31,2025-03-31,2025-04-15,12,CD,USD
LGNC,5.5,2025-02-12,2025-02-12,2025-02-19,1,CD,USD
LNN,0.36,2025-02-14,2025-02-14,2025-02-28,4,CD,USD
IGR,0.06,2025-02-20,2025-02-20,2025-02-28,12,CD,USD
CBT,0.43,2025-02-28,2025-02-28,2025-03-14,4,CD,USD
STAG,0.124167,2025-02-28,2025-02-28,2025-03-17,12,CD,USD
MTBPRH,0.3515625,2025-03-03,2025-03-03,2025-03-17,4,CD,USD
MTBPRJ,0.46875,2025-03-03,2025-03-03,2025-03-17,4,CD,USD
MLFNF,0.24,2025-03-07,2025-03-07,2025-03-31,4,CD,CAD
IGR,0.06,2025-03-20,2025-03-20,2025-03-31,12,CD,USD
STAG,0.124167,2025-03-31,2025-03-31,2025-04-15,12,CD,USD
SMMNY,0.486162,2025-02-20,2025-02-20,2025-03-07,1,CD,USD
BGH,0.1223,2025-03-20,2025-03-20,2025-04-01,12,CD,USD
BHRPRB,0.3438,2025-03-28,2025-03-28,2025-04-15,4,CD,USD
AHTPRD,0.5281,2025-03-31,2025-03-31,2025-04-15,4,CD,USD
AHTPRF,0.4609,2025-03-31,2025-03-31,2025-04-15,4,CD,USD
AHTPRG,0.4609,2025-03-31,2025-03-31,2025-04-15,4,CD,USD
AHTPRH,0.46875,2025-03-31,2025-03-31,2025-04-15,4,CD,USD
AHTPRI,0.46875,2025-03-31,2025-03-31,2025-04-15,4,CD,USD
BHR,0.05,2025-03-31,2025-03-31,2025-04-15,4,CD,USD
BHRPRD,0.5156,2025-03-31,2025-03-31,2025-04-15,4,CD,USD
HMLPF,0.546875,2025-02-10,2025-02-10,2025-02-18,4,CD,USD
CTAS,0.39,2025-02-14,2025-02-14,2025-03-14,4,CD,USD
RSDEF,0.076,2025-02-14,2025-02-14,2025-03-21,2,CD,GBP
GAIN,0.08,2025-02-19,2025-02-19,2025-02-28,12,CD,USD
GLAD,0.165,2025-02-19,2025-02-19,2025-02-28,12,CD,USD
GOOD,0.1,2025-02-19,2025-02-19,2025-02-28,12,CD,USD
GOODN,0.138021,2025-02-19,2025-02-19,2025-02-28,12,CD,USD
GOODO,0.125,2025-02-19,2025-02-19,2025-02-28,12,CD,USD
LAND,0.0467,2025-02-19,2025-02-19,2025-02-28,12,CD,USD
LANDM,0.104167,2025-02-19,2025-02-19,2025-02-28,12,CD,USD
LANDO,0.125,2025-02-19,2025-02-19,2025-02-28,12,CD,USD
LANDP,0.125,2025-02-19,2025-02-19,2025-02-28,12,CD,USD
MLKN,0.1875,2025-02-28,2025-03-01,2025-04-15,4,CD,USD
EKTAY,0.107158,2025-03-07,2025-03-07,2025-03-27,2,CD,USD
UNF,0.35,2025-03-07,2025-03-07,2025-03-28,4,CD,USD
GAIN,0.08,2025-03-19,2025-03-19,2025-03-31,12,CD,USD
GLAD,0.165,2025-03-19,2025-03-19,2025-03-31,12,CD,USD
GOOD,0.1,2025-03-19,2025-03-19,2025-03-31,12,CD,USD
GOODN,0.138021,2025-03-19,2025-03-19,2025-03-31,12,CD,USD
GOODO,0.125,2025-03-19,2025-03-19,2025-03-31,12,CD,USD
LAND,0.0467,2025-03-19,2025-03-19,2025-03-31,12,CD,USD
LANDM,0.104167,2025-03-19,2025-03-19,2025-03-31,12,CD,USD
LANDO,0.125,2025-03-19,2025-03-19,2025-03-31,12,CD,USD
LANDP,0.125,2025-03-19,2025-03-19,2025-03-31,12,CD,USD
TNXXF,2.7,2025-05-12,2025-05-12,2025-05-13,1,CD,EUR
TGT,1.12,2025-02-12,2025-02-12,2025-03-01,4,CD,USD
ENBP,0.18,2025-02-14,2025-02-14,2025-03-14,4,CD,USD
FIZN,0.35,2025-02-14,2025-02-14,2025-03-14,4,CD,USD
MNESP,0.5625,2025-02-14,2025-02-14,2025-03-01,4,CD,USD
MSA,0.51,2025-02-14,2025-02-14,2025-03-10,4,CD,USD
SBFG,0.145,2025-02-14,2025-02-14,2025-02-28,4,CD,USD
UCPLF,16.5,2025-02-14,2025-02-14,2025-02-28,0,SC,CAD
VLNSF,0.03,2025-02-14,2025-02-14,2025-02-28,4,CD,CAD
CTFUF,0.02,2025-02-28,2025-02-28,2025-03-17,12,CD,CAD
GS,3,2025-02-28,2025-02-28,2025-03-28,4,CD,USD
PLQC,1,2025-02-28,2025-02-28,2025-03-31,2,CD,USD
ELFIF,150,2025-03-03,2025-03-03,2025-03-14,0,SC,CAD
BK/P,12.951675,2025-03-05,2025-03-05,2025-03-20,4,CD,USD
ADP,1.54,2025-03-14,2025-03-14,2025-04-01,4,CD,USD
CBU,0.46,2025-03-14,2025-03-14,2025-04-10,4,CD,USD
ECVTF,22.7,2025-03-14,2025-03-14,2025-03-31,0,SC,CAD
CTFUF,0.02,2025-03-31,2025-03-31,2025-04-15,12,CD,CAD
VIASP,0.69635,2025-04-01,2025-04-01,2025-04-15,4,CD,USD
CTFUF,0.02,2025-04-30,2025-04-30,2025-05-15,12,CD,CAD
NEEPRT,0.904249966,2025-04-30,2025-04-30,2025-05-01,4,CD,USD
CTFUF,0.02,2025-05-30,2025-05-31,2025-06-16,12,CD,CAD
CTFUF,0.02,2025-06-30,2025-06-30,2025-07-15,12,CD,CAD
CTFUF,0.02,2025-07-31,2025-07-31,2025-08-15,12,CD,CAD
CTFUF,0.02,2025-08-29,2025-08-31,2025-09-15,12,CD,CAD
PLQC,1,2025-08-29,2025-08-31,2025-09-30,2,CD,USD
CTFUF,0.02,2025-09-30,2025-09-30,2025-10-15,12,CD,CAD
CTFUF,0.02,2025-10-31,2025-10-31,2025-11-17,12,CD,CAD
CTFUF,0.02,2025-11-28,2025-11-30,2025-12-15,12,CD,CAD
CTFUF,0.02,2025-12-31,2025-12-31,2026-01-15,12,CD,CAD
KVUE,0.205,2025-02-12,2025-02-12,2025-02-26,4,CD,USD
AGCO,0.29,2025-02-14,2025-02-14,2025-03-14,4,CD,USD
BSET,0.2,2025-02-14,2025-02-14,2025-02-28,4,CD,USD
FGBIP,0.421875,2025-02-14,2025-02-14,2025-03-03,4,CD,USD
RGP,0.14,2025-02-14,2025-02-14,2025-03-14,4,CD,USD
WELPP,0.9,2025-02-14,2025-02-14,2025-03-01,4,CD,USD
ED,0.85,2025-02-19,2025-02-19,2025-03-14,4,CD,USD
DOYU,9.94,2025-02-21,2025-02-10,2025-02-20,2,CD,USD
PPG,0.68,2025-02-21,2025-02-21,2025-03-12,4,CD,USD
SMAL,0.12,2025-02-21,2025-02-21,2025-03-14,4,CD,USD
FREVS,0.08,2025-02-28,2025-02-28,2025-03-14,4,CD,USD
SFDL,0.15,2025-02-28,2025-02-28,2025-03-15,4,CD,USD
KEYPRI,0.382813,2025-03-03,2025-03-03,2025-03-17,4,CD,USD
KEYPRJ,0.353125,2025-03-03,2025-03-03,2025-03-17,4,CD,USD
KEYPRK,0.351563,2025-03-03,2025-03-03,2025-03-17,4,CD,USD
KEYPRL,0.3875,2025-03-03,2025-03-03,2025-03-17,4,CD,USD
KEY,0.205,2025-03-04,2025-03-04,2025-03-14,4,CD,USD
DRMTY,0.020778,2025-03-07,2025-03-07,2025-04-23,2,CD,USD
MBWM,0.37,2025-03-07,2025-03-07,2025-03-19,4,CD,USD
SFSHF,0.204,2025-03-14,2025-03-14,2025-04-15,2,CD,GBP
WELPM,1.5,2025-04-14,2025-04-14,2025-04-30,4,CD,USD
HNFSA,0.275,2025-02-10,2025-02-10,2025-03-01,4,CD,USD
HNFSB,0.275,2025-02-10,2025-02-10,2025-03-01,4,CD,USD
AGMJF,0.2,2025-02-14,2025-02-14,2025-03-03,4,CD,CAD
BMLPRG,0.34535,2025-02-14,2025-02-15,2025-02-28,4,CD,USD
BMLPRH,0.34663,2025-02-14,2025-02-15,2025-02-28,4,CD,USD
BMLPRJ,0.35302,2025-02-14,2025-02-15,2025-02-28,4,CD,USD
OCCI,0.115,2025-02-18,2025-02-18,2025-02-28,12,CD,USD
OCCIM,0.1640625,2025-02-18,2025-02-18,2025-02-28,12,CD,USD
OCCIN,0.109375,2025-02-18,2025-02-18,2025-02-28,12,CD,USD
OCCIO,0.1276042,2025-02-18,2025-02-18,2025-02-28,12,CD,USD
BACPRM,0.3359375,2025-02-28,2025-03-01,2025-03-25,4,CD,USD
BACPRN,0.3125,2025-02-28,2025-03-01,2025-03-17,4,CD,USD
CPKF,0.16,2025-02-28,2025-03-01,2025-03-15,4,CD,USD
MGEE,0.45,2025-02-28,2025-03-01,2025-03-15,4,CD,USD
QCOM,0.85,2025-03-06,2025-03-06,2025-03-27,4,CD,USD
HBAN,0.155,2025-03-18,2025-03-18,2025-04-01,4,CD,USD
OCCI,0.115,2025-03-21,2025-03-21,2025-03-31,12,CD,USD
OCCIM,0.1640625,2025-03-21,2025-03-21,2025-03-31,12,CD,USD
OCCIN,0.109375,2025-03-21,2025-03-21,2025-03-31,12,CD,USD
OCCIO,0.1276042,2025-03-21,2025-03-21,2025-03-31,12,CD,USD
HBANL,0.42975,2025-04-01,2025-04-01,2025-04-15,4,CD,USD
HBANP,0.28125,2025-04-01,2025-04-01,2025-04-15,4,CD,USD
OCCI,0.115,2025-04-17,2025-04-18,2025-04-30,12,CD,USD
OCCIM,0.1640625,2025-04-17,2025-04-18,2025-04-30,12,CD,USD
OCCIN,0.109375,2025-04-17,2025-04-18,2025-04-30,12,CD,USD
OCCIO,0.1276042,2025-04-17,2025-04-18,2025-04-30,12,CD,USD
OCCIM,0.1640625,2025-05-20,2025-05-20,2025-05-30,12,CD,USD
OCCIN,0.109375,2025-05-20,2025-05-20,2025-05-30,12,CD,USD
OCCIO,0.1276042,2025-05-20,2025-05-20,2025-05-30,12,CD,USD
OCCIM,0.1640625,2025-06-20,2025-06-20,2025-06-30,12,CD,USD
OCCIN,0.109375,2025-06-20,2025-06-20,2025-06-30,12,CD,USD
OCCIO,0.1276042,2025-06-20,2025-06-20,2025-06-30,12,CD,USD
OCCIM,0.1640625,2025-07-21,2025-07-21,2025-07-31,12,CD,USD
OCCIN,0.109375,2025-07-21,2025-07-21,2025-07-31,12,CD,USD
OCCIO,0.1276042,2025-07-21,2025-07-21,2025-07-31,12,CD,USD
PSHZF,0.1646,2025-02-14,2025-02-14,2025-03-21,4,CD,USD
RBA,0.29,2025-02-14,2025-02-14,2025-03-03,4,CD,USD
ASH,0.405,2025-02-28,2025-03-01,2025-03-15,4,CD,USD
PSHZF,0.1646,2025-05-16,2025-05-16,2025-06-20,4,CD,USD
PSHZF,0.1646,2025-08-15,2025-08-15,2025-09-19,4,CD,USD
PSHZF,0.1646,2025-11-14,2025-11-14,2025-12-19,4,CD,USD
AEP,0.93,2025-02-10,2025-02-10,2025-03-10,4,CD,USD
EBTC,0.25,2025-02-10,2025-02-10,2025-03-03,4,CD,USD
FATBP,0.171875,2025-02-10,2025-02-10,2025-02-20,12,CD,USD
HOMB,0.195,2025-02-12,2025-02-12,2025-03-05,4,CD,USD
IBTN,0.11,2025-02-14,2025-02-14,2025-03-07,4,CD,USD
JUVF,0.22,2025-02-14,2025-02-14,2025-02-28,4,CD,USD
PNFPP,0.422,2025-02-14,2025-02-14,2025-03-01,4,CD,USD
SMBC,0.23,2025-02-14,2025-02-14,2025-02-28,4,CD,USD
USCB,0.1,2025-02-14,2025-02-14,2025-03-05,4,CD,USD
WSSH,0.23,2025-02-14,2025-02-14,2025-02-28,4,CD,USD
FBP,0.18,2025-02-21,2025-02-21,2025-03-07,4,CD,USD
CCLDO,0.18229,2025-02-28,2025-02-28,2025-03-17,12,CD,USD
CCLDP,0.22917,2025-02-28,2025-02-28,2025-03-17,12,CD,USD
IBKR,0.25,2025-02-28,2025-02-28,2025-03-14,4,CD,USD
SBNC,6.25,2025-02-28,2025-02-28,2025-03-14,4,CD,USD
SBNCM,0.22,2025-02-28,2025-02-28,2025-03-14,4,CD,USD
SBNCN,0.22,2025-02-28,2025-02-28,2025-03-14,4,CD,USD
WHD,0.13,2025-03-03,2025-03-03,2025-03-20,4,CD,USD
CASS,0.31,2025-03-04,2025-03-04,2025-03-14,4,CD,USD
BOTJ,0.1,2025-03-07,2025-03-07,2025-03-21,4,CD,USD
SVBT,0.23,2025-03-14,2025-03-14,2025-04-15,4,CD,USD
STX,0.72,2025-03-19,2025-03-19,2025-04-02,4,CD,USD
SPEPRC,0.171875,2025-03-20,2025-03-20,2025-03-31,4,CD,USD
BFC,0.45,2025-03-26,2025-03-26,2025-04-09,4,CD,USD
LGI,0.14646,2025-02-10,2025-02-10,2025-02-21,12,CD,USD
PFBN,0.1,2025-02-10,2025-02-10,2025-02-24,1,CD,USD
QULLF,0.0315,2025-02-10,2025-02-10,2025-02-28,2,CD,MYR
AMAL,0.14,2025-02-11,2025-02-11,2025-02-27,4,CD,USD
BWFG,0.2,2025-02-11,2025-02-11,2025-02-21,4,CD,USD
KEFI,0.46,2025-02-11,2025-02-11,2025-03-03,4,CD,USD
AMTB,0.09,2025-02-14,2025-02-14,2025-02-28,4,CD,USD
GCBC,0.09,2025-02-14,2025-02-14,2025-02-28,4,CD,USD
HONT,0.71,2025-02-14,2025-02-14,2025-02-28,4,CD,USD
MTX,0.11,2025-02-14,2025-02-14,2025-03-07,4,CD,USD
OBK,0.15,2025-02-14,2025-02-14,2025-02-28,4,CD,USD
DFS,0.7,2025-02-20,2025-02-20,2025-03-06,4,CD,USD
DFP,0.1151,2025-02-21,2025-02-21,2025-02-28,12,CD,USD
FFC,0.092,2025-02-21,2025-02-21,2025-02-28,12,CD,USD
FLC,0.0937,2025-02-21,2025-02-21,2025-02-28,12,CD,USD
PFD,0.061,2025-02-21,2025-02-21,2025-02-28,12,CD,USD
PFO,0.0505,2025-02-21,2025-02-21,2025-02-28,12,CD,USD
ROL,0.165,2025-02-25,2025-02-25,2025-03-10,4,CD,USD
NBHC,0.29,2025-02-28,2025-02-28,2025-03-14,4,CD,USD
AMFC,0.06,2025-03-03,2025-03-03,2025-03-17,4,CD,USD
SLM,0.13,2025-03-05,2025-03-05,2025-03-17,4,CD,USD
SLMBP,1.5951112,2025-03-05,2025-03-05,2025-03-17,4,CD,USD
LBRT,0.08,2025-03-06,2025-03-06,2025-03-20,4,CD,USD
ELV,1.71,2025-03-10,2025-03-10,2025-03-25,4,CD,USD
FAF,0.54,2025-03-10,2025-03-10,2025-03-17,4,CD,USD
TRV,1.05,2025-03-10,2025-03-10,2025-03-31,4,CD,USD
NJR,0.45,2025-03-11,2025-03-11,2025-04-01,4,CD,USD
BIREF,0.03,2025-03-14,2025-03-14,2025-03-31,4,CD,CAD
CADE,0.275,2025-03-14,2025-03-14,2025-04-01,4,CD,USD
HWBK,0.19,2025-03-14,2025-03-15,2025-04-01,4,CD,USD
MERPRK,0.403124988,2025-03-14,2025-03-14,2025-03-17,4,CD,USD
MNAT,0.31,2025-03-14,2025-03-14,2025-04-01,4,CD,USD
NTRS,0.75,2025-03-14,2025-03-14,2025-04-01,4,CD,USD
NTRSO,0.29375,2025-03-14,2025-03-15,2025-04-01,4,CD,USD
PB,0.58,2025-03-14,2025-03-14,2025-04-01,4,CD,USD
GDLPRC,0.5,2025-03-19,2025-03-19,2025-03-26,4,CD,USD
RBCAA,0.451,2025-03-21,2025-03-21,2025-04-18,4,CD,USD
DFP,0.1151,2025-03-24,2025-03-24,2025-03-31,12,CD,USD
FFC,0.092,2025-03-24,2025-03-24,2025-03-31,12,CD,USD
FLC,0.0937,2025-03-24,2025-03-24,2025-03-31,12,CD,USD
PFD,0.061,2025-03-24,2025-03-24,2025-03-31,12,CD,USD
PFO,0.0505,2025-03-24,2025-03-24,2025-03-31,12,CD,USD
APD,1.79,2025-04-01,2025-04-01,2025-05-12,4,CD,USD
DFP,0.1151,2025-04-23,2025-04-23,2025-04-30,12,CD,USD
FFC,0.092,2025-04-23,2025-04-23,2025-04-30,12,CD,USD
FLC,0.0937,2025-04-23,2025-04-23,2025-04-30,12,CD,USD
PFD,0.061,2025-04-23,2025-04-23,2025-04-30,12,CD,USD
PFO,0.0505,2025-04-23,2025-04-23,2025-04-30,12,CD,USD
MWA,0.067,2025-02-10,2025-02-10,2025-02-21,4,CD,USD
SCCO,0.7,2025-02-11,2025-02-11,2025-02-27,4,CD,USD
SOPRF,1.88491999,2025-02-11,2025-02-11,2025-02-27,4,CD,PEN
HEKRF,0.0125,2025-02-12,2025-02-12,2025-02-27,2,CD,MYR
WSTTF,0.1086,2025-02-12,2025-02-12,2025-02-21,2,CD,MYR
FMBH,0.24,2025-02-13,2025-02-13,2025-02-28,4,CD,USD
HTBI,0.12,2025-02-13,2025-02-13,2025-02-27,4,CD,USD
PROV,0.14,2025-02-13,2025-02-13,2025-03-06,4,CD,USD
BFST,0.14,2025-02-14,2025-02-15,2025-02-28,4,CD,USD
FMBM,0.26,2025-02-14,2025-02-14,2025-02-28,4,CD,USD
INN,0.08,2025-02-14,2025-02-14,2025-02-28,4,CD,USD
INNPRE,0.390625,2025-02-14,2025-02-14,2025-02-28,4,CD,USD
INNPRF,0.3671875,2025-02-14,2025-02-14,2025-02-28,4,CD,USD
JBL,0.08,2025-02-18,2025-02-18,2025-03-04,4,CD,USD
BHB,0.3,2025-02-20,2025-02-20,2025-03-20,4,CD,USD
LFUS,0.7,2025-02-20,2025-02-20,2025-03-06,4,CD,USD
PINC,0.21,2025-02-28,2025-03-01,2025-03-15,4,CD,USD
UBOH,0.22,2025-02-28,2025-02-28,2025-03-17,4,CD,USD
MOFG,0.2425,2025-03-03,2025-03-03,2025-03-17,4,CD,USD
EBC,0.12,2025-03-04,2025-03-04,2025-03-14,4,CD,USD
SBCF,0.18,2025-03-14,2025-03-14,2025-03-31,4,CD,USD
SOR,0.2083,2025-03-14,2025-03-14,2025-03-31,12,CD,USD
CZMWF,0.6,2025-03-24,2025-03-24,2025-03-25,1,CD,EUR
ETTYF,8.25,2025-03-31,2025-03-31,2025-04-03,1,CD,SEK
SARTF,0.74,2025-03-31,2025-03-31,2025-04-01,1,CD,EUR
WTFCM,0.409999996,2025-04-01,2025-04-01,2025-04-15,4,CD,USD
WTFCP,0.429690003,2025-04-01,2025-04-01,2025-04-15,4,CD,USD
RVTY,0.07,2025-04-17,2025-04-18,2025-05-09,4,CD,USD
IVSBF,3.75,2025-05-09,2025-05-09,2025-05-14,2,CD,SEK
IVSXF,3.75,2025-05-09,2025-05-09,2025-05-14,2,CD,SEK
IVSBF,1.45,2025-11-10,2025-11-10,2025-11-13,2,CD,SEK
IVSXF,1.45,2025-11-10,2025-11-10,2025-11-13,2,CD,SEK
MRBK,0.125,2025-02-10,2025-02-10,2025-02-18,4,CD,USD
ARMVF,0.009,2025-02-12,2025-02-12,2025-02-26,4,CD,MYR
ST,0.12,2025-02-12,2025-02-12,2025-02-26,4,CD,USD
WLFC,0.25,2025-02-12,2025-02-12,2025-02-21,4,CD,USD
BHRB,0.55,2025-02-14,2025-02-14,2025-03-03,4,CD,USD
FDBC,0.4,2025-02-14,2025-02-14,2025-03-10,4,CD,USD
SJM,1.08,2025-02-14,2025-02-14,2025-03-03,4,CD,USD
SXI,0.32,2025-02-14,2025-02-14,2025-02-28,4,CD,USD
BKH,0.676,2025-02-18,2025-02-18,2025-03-01,4,CD,USD
MPC,0.91,2025-02-19,2025-02-19,2025-03-10,4,CD,USD
TLF,1.5,2025-02-19,2025-02-03,2025-02-18,0,SC,USD
ENR,0.3,2025-02-20,2025-02-20,2025-03-13,4,CD,USD
BLUBF,0.04,2025-02-28,2025-02-28,2025-03-14,12,CD,CAD
D,0.6675,2025-02-28,2025-02-28,2025-03-20,4,CD,USD
FCNCA,1.95,2025-02-28,2025-02-28,2025-03-17,4,CD,USD
FCNCB,1.95,2025-02-28,2025-02-28,2025-03-17,4,CD,USD
FCNCO,0.351563,2025-02-28,2025-02-28,2025-03-17,4,CD,USD
FCNCP,0.335938,2025-02-28,2025-02-28,2025-03-17,4,CD,USD
MICFF,0.04,2025-02-28,2025-02-28,2025-03-14,12,CD,CAD
HCA,0.72,2025-03-17,2025-03-17,2025-03-31,4,CD,USD
GJNSF,9,2025-03-24,2025-03-24,2025-03-28,1,CD,NOK
GJNSF,1,2025-03-24,2025-03-24,2025-03-28,0,SC,NOK
PCOFF,0.035,2025-03-27,2025-03-27,2025-05-21,0,SC,HKD
PCOFF,0.075,2025-03-27,2025-03-27,2025-05-21,2,CD,HKD
BLUBF,0.04,2025-03-31,2025-03-31,2025-04-14,12,CD,CAD
MICFF,0.04,2025-03-31,2025-03-31,2025-04-15,12,CD,CAD
RAIFF,1.1,2025-04-01,2025-04-01,2025-04-02,1,CD,EUR
FSHUF,0.1724,2025-04-09,2025-04-09,2025-04-25,0,SC,HKD
PHPPY,0.820014,2025-04-30,2025-04-30,2025-05-21,1,CD,USD
SAMHF,2.3,2025-04-30,2025-04-30,2025-05-06,1,CD,SEK
SFFYF,1.56,2025-04-30,2025-04-30,2025-05-07,1,CD,EUR
HLPPF,0.4,2025-05-09,2025-05-09,2025-06-16,2,CD,HKD
HNLGF,0.65,2025-05-09,2025-05-09,2025-06-16,2,CD,HKD
OMVJF,3.05,2025-06-05,2025-06-05,2025-06-10,1,CD,EUR
FSHUF,0.1079,2025-07-11,2025-07-11,2025-07-25,0,SC,HKD
FSHUF,0.1079,2025-10-14,2025-10-14,2025-10-31,0,SC,HKD
NHS,0.0905,2025-02-18,2025-02-18,2025-02-28,12,CD,USD
CFR,0.95,2025-02-28,2025-02-28,2025-03-14,4,CD,USD
ARMK,0.105,2025-02-10,2025-02-10,2025-02-24,4,CD,USD
CBNK,0.1,2025-02-10,2025-02-10,2025-02-26,4,CD,USD
GABC,0.29,2025-02-10,2025-02-10,2025-02-20,4,CD,USD
HBCP,0.27,2025-02-10,2025-02-10,2025-02-21,4,CD,USD
LSBK,0.18,2025-02-10,2025-02-10,2025-02-14,4,CD,USD
PZZA,0.46,2025-02-10,2025-02-10,2025-02-21,4,CD,USD
WVFC,0.1,2025-02-10,2025-02-10,2025-02-20,4,CD,USD
EQNR,0.35,2025-02-14,2025-02-14,2025-02-28,4,CD,USD
GRC,0.185,2025-02-14,2025-02-14,2025-03-10,4,CD,USD
PRK,1.07,2025-02-14,2025-02-14,2025-03-10,4,CD,USD
STBI,0.17,2025-02-14,2025-02-14,2025-03-14,4,CD,USD
TER,0.12,2025-02-14,2025-02-14,2025-03-14,4,CD,USD
TSBK,0.25,2025-02-14,2025-02-14,2025-02-28,4,CD,USD
UNCMF,0.02,2025-02-14,2025-02-17,2025-03-04,4,CD,PEN
WDFN,0.29,2025-02-14,2025-02-14,2025-02-28,4,CD,USD
BSMAF,0.18,2025-02-18,2025-02-18,2025-02-25,2,CD,MYR
BSMAF,0.08,2025-02-18,2025-02-18,2025-02-25,0,SC,MYR
ACNDF,0.032,2025-02-19,2025-02-19,2025-02-27,2,CD,SGD
IMBBY,0.677924,2025-02-21,2025-02-21,2025-04-07,4,CD,USD
SMG,0.66,2025-02-21,2025-02-21,2025-03-07,4,CD,USD
LGFRY,0.303435,2025-02-25,2025-02-25,2025-04-23,2,CD,USD
BOH,0.7,2025-02-28,2025-02-28,2025-03-14,4,CD,USD
CR,0.23,2025-02-28,2025-02-28,2025-03-12,4,CD,USD
CUBIPRE,0.61678915,2025-02-28,2025-02-28,2025-03-17,4,CD,USD
CUBIPRF,0.59290165,2025-02-28,2025-02-28,2025-03-17,4,CD,USD
EFSCP,0.3125,2025-02-28,2025-02-28,2025-03-15,4,CD,USD
LNKB,0.075,2025-02-28,2025-02-28,2025-03-14,4,CD,USD
YORW,0.2192,2025-02-28,2025-02-28,2025-04-15,4,CD,USD
CTVA,0.17,2025-03-03,2025-03-03,2025-03-17,4,CD,USD
NBTB,0.34,2025-03-03,2025-03-03,2025-03-17,4,CD,USD
TCBIO,0.359375,2025-03-03,2025-03-03,2025-03-17,4,CD,USD
NRIM,0.64,2025-03-06,2025-03-06,2025-03-14,4,CD,USD
GM,0.12,2025-03-07,2025-03-07,2025-03-20,4,CD,USD
LPLA,0.3,2025-03-11,2025-03-11,2025-03-25,4,CD,USD
EFSC,0.29,2025-03-14,2025-03-14,2025-03-31,4,CD,USD
HWMPR,0.9375,2025-03-14,2025-03-14,2025-04-01,4,CD,USD
SNDR,0.095,2025-03-14,2025-03-14,2025-04-09,4,CD,USD
OXLCN,0.1484375,2025-03-17,2025-03-17,2025-03-31,12,CD,USD
OXLCO,0.125,2025-03-17,2025-03-17,2025-03-31,12,CD,USD
OXLCP,0.13020833,2025-03-17,2025-03-17,2025-03-31,12,CD,USD
RRX,0.35,2025-03-31,2025-03-31,2025-04-14,4,CD,USD
CTAPRA,0.875,2025-04-04,2025-04-04,2025-04-25,4,CD,USD
CTAPRB,1.125,2025-04-04,2025-04-04,2025-04-25,4,CD,USD
OXLC,0.09,2025-04-16,2025-04-16,2025-04-30,12,CD,USD
OXLCN,0.1484375,2025-04-16,2025-04-16,2025-04-30,12,CD,USD
OXLCO,0.125,2025-04-16,2025-04-16,2025-04-30,12,CD,USD
OXLCP,0.13020833,2025-04-16,2025-04-16,2025-04-30,12,CD,USD
OXLC,0.09,2025-05-16,2025-05-16,2025-05-30,12,CD,USD
OXLCN,0.1484375,2025-05-16,2025-05-16,2025-05-30,12,CD,USD
OXLCO,0.125,2025-05-16,2025-05-16,2025-05-30,12,CD,USD
OXLCP,0.13020833,2025-05-16,2025-05-16,2025-05-30,12,CD,USD
OXLC,0.09,2025-06-16,2025-06-16,2025-06-30,12,CD,USD
ACIRF,0.0216,2025-02-10,2025-02-10,2025-03-26,4,CD,SGD
BX,1.44,2025-02-10,2025-02-10,2025-02-18,4,CD,USD
DNGDF,0.01333,2025-02-10,2025-02-10,2025-02-18,12,CD,CAD
FBMS,0.25,2025-02-10,2025-02-10,2025-02-26,4,CD,USD
HAFC,0.27,2025-02-10,2025-02-10,2025-02-26,4,CD,USD
IBM,1.67,2025-02-10,2025-02-10,2025-03-10,4,CD,USD
MNSB,0.1,2025-02-10,2025-02-10,2025-02-17,4,CD,USD
ARCB,0.12,2025-02-11,2025-02-11,2025-02-25,4,CD,USD
KMT,0.2,2025-02-11,2025-02-11,2025-02-25,4,CD,USD
FRST,0.1,2025-02-12,2025-02-12,2025-02-26,4,CD,USD
WNEB,0.07,2025-02-12,2025-02-12,2025-02-26,4,CD,USD
NIDB,0.18,2025-02-13,2025-02-13,2025-02-27,4,CD,USD
ANGPRB,0.414063007,2025-02-14,2025-02-14,2025-03-01,4,CD,USD
EBMT,0.1425,2025-02-14,2025-02-14,2025-03-07,4,CD,USD
FCBC,2.07,2025-02-14,2025-02-14,2025-02-28,0,SC,USD
FCBC,0.31,2025-02-14,2025-02-14,2025-02-28,4,CD,USD
GIB,0.15,2025-02-14,2025-02-14,2025-03-21,4,CD,CAD
IVZ,0.205,2025-02-14,2025-02-14,2025-03-04,4,CD,USD
MSCI,1.8,2025-02-14,2025-02-14,2025-02-28,4,CD,USD
PFS,0.24,2025-02-14,2025-02-14,2025-02-28,4,CD,USD
TFC,0.52,2025-02-14,2025-02-14,2025-03-03,4,CD,USD
TFCPRI,0.32546,2025-02-14,2025-02-14,2025-03-17,4,CD,USD
TFCPRO,0.328125,2025-02-14,2025-02-14,2025-03-03,4,CD,USD
TFCPRR,0.296875,2025-02-14,2025-02-14,2025-03-03,4,CD,USD
VBTX,0.2,2025-02-14,2025-02-14,2025-02-28,4,CD,USD
CSL,1,2025-02-18,2025-02-18,2025-03-03,4,CD,USD
FINN,40,2025-02-18,2025-02-18,2025-03-07,4,CD,USD
MSEX,0.34,2025-02-18,2025-02-18,2025-03-03,4,CD,USD
MTG,0.13,2025-02-18,2025-02-18,2025-03-05,4,CD,USD
SO,0.72,2025-02-18,2025-02-18,2025-03-06,4,CD,USD
LFAE,2.07,2025-02-19,2025-02-19,2025-02-20,0,SC,USD
LFAF,2.5,2025-02-19,2025-02-19,2025-02-20,0,SC,USD
LFAI,3.09,2025-02-19,2025-02-19,2025-02-20,0,SC,USD
LFAJ,3.34,2025-02-19,2025-02-19,2025-02-20,0,SC,USD
LFAK,3.8,2025-02-19,2025-02-19,2025-02-20,0,SC,USD
LFAL,4.07,2025-02-19,2025-02-19,2025-02-20,0,SC,USD
LFAN,4.14,2025-02-19,2025-02-19,2025-02-20,0,SC,USD
LFAO,4.44,2025-02-19,2025-02-19,2025-02-20,0,SC,USD
LFAQ,4.72,2025-02-19,2025-02-19,2025-02-20,0,SC,USD
LFAR,4.97,2025-02-19,2025-02-19,2025-02-20,0,SC,USD
LFAU,5.02,2025-02-19,2025-02-19,2025-02-20,0,SC,USD
LFAV,4.92,2025-02-19,2025-02-19,2025-02-20,0,SC,USD
LFAW,5.42,2025-02-19,2025-02-19,2025-02-20,0,SC,USD
LFAX,5.77,2025-02-19,2025-02-19,2025-02-20,0,SC,USD
LFAZ,5.85,2025-02-19,2025-02-19,2025-02-20,0,SC,USD
LFBB,6.03,2025-02-19,2025-02-19,2025-02-20,0,SC,USD
LFBD,7.41,2025-02-19,2025-02-19,2025-02-20,0,SC,USD
LFBE,7.68,2025-02-19,2025-02-19,2025-02-20,0,SC,USD
LIAC,0.77,2025-02-19,2025-02-19,2025-02-20,0,SC,USD
LIAE,1.69,2025-02-19,2025-02-19,2025-02-20,0,SC,USD
LIAF,2.6,2025-02-19,2025-02-19,2025-02-20,0,SC,USD
LIAG,3.55,2025-02-19,2025-02-19,2025-02-20,0,SC,USD
LIAJ,4.38,2025-02-19,2025-02-19,2025-02-20,0,SC,USD
LIAK,4.95,2025-02-19,2025-02-19,2025-02-20,0,SC,USD
LIAM,5.97,2025-02-19,2025-02-19,2025-02-20,0,SC,USD
LIAO,6.74,2025-02-19,2025-02-19,2025-02-20,0,SC,USD
LIAP,7.33,2025-02-19,2025-02-19,2025-02-20,0,SC,USD
LIAQ,8.04,2025-02-19,2025-02-19,2025-02-20,0,SC,USD
LIAT,8.19,2025-02-19,2025-02-19,2025-02-20,0,SC,USD
LIAU,9.04,2025-02-19,2025-02-19,2025-02-20,0,SC,USD
LIAV,9.61,2025-02-19,2025-02-19,2025-02-20,0,SC,USD
LIAW,10.38,2025-02-19,2025-02-19,2025-02-20,0,SC,USD
LIAX,11.23,2025-02-19,2025-02-19,2025-02-20,0,SC,USD
LIAY,5.98,2025-02-19,2025-02-19,2025-02-20,0,SC,USD
LIBD,6.59,2025-02-19,2025-02-19,2025-02-20,0,SC,USD
STE,0.57,2025-02-20,2025-02-20,2025-03-21,4,CD,USD
SNLC,0.5,2025-02-21,2025-02-21,2025-03-14,4,CD,USD
INPAP,1,2025-02-24,2025-02-24,2025-03-17,4,CD,USD
IP,0.4625,2025-02-24,2025-02-24,2025-03-17,4,CD,USD
SPGI,0.96,2025-02-26,2025-02-26,2025-03-12,4,CD,USD
CPF,0.27,2025-02-28,2025-02-28,2025-03-17,4,CD,USD
FTV,0.08,2025-02-28,2025-02-28,2025-03-28,4,CD,USD
SOHOB,0.5,2025-02-28,2025-02-28,2025-03-14,4,CD,USD
SOHON,0.515625,2025-02-28,2025-02-28,2025-03-14,4,CD,USD
SOHOO,0.4921875,2025-02-28,2025-02-28,2025-03-14,4,CD,USD
TRMK,0.24,2025-02-28,2025-03-01,2025-03-15,4,CD,USD
ASB,0.23,2025-03-03,2025-03-03,2025-03-17,4,CD,USD
ASBPRE,0.3671875,2025-03-03,2025-03-03,2025-03-17,4,CD,USD
ASBPRF,0.3515625,2025-03-03,2025-03-03,2025-03-17,4,CD,USD
FFBC,0.24,2025-03-03,2025-03-03,2025-03-17,4,CD,USD
HLI,0.57,2025-03-03,2025-03-03,2025-03-15,4,CD,USD
LMT,3.3,2025-03-03,2025-03-03,2025-03-28,4,CD,USD
SF,0.46,2025-03-03,2025-03-03,2025-03-17,4,CD,USD
SFPRB,0.390625,2025-03-03,2025-03-03,2025-03-17,4,CD,USD
SFPRC,0.3828125,2025-03-03,2025-03-03,2025-03-17,4,CD,USD
SFPRD,0.28125,2025-03-03,2025-03-03,2025-03-17,4,CD,USD
SSTK,0.33,2025-03-06,2025-03-06,2025-03-20,4,CD,USD
HFBA,0.41,2025-03-07,2025-03-07,2025-03-28,2,CD,USD
KMB,1.26,2025-03-07,2025-03-07,2025-04-02,4,CD,USD
TRTNPRA,0.53125,2025-03-07,2025-03-07,2025-03-14,4,CD,USD
TRTNPRB,0.5,2025-03-07,2025-03-07,2025-03-14,4,CD,USD
TRTNPRC,0.4609375,2025-03-07,2025-03-07,2025-03-14,4,CD,USD
TRTNPRD,0.4296875,2025-03-07,2025-03-07,2025-03-14,4,CD,USD
TRTNPRE,0.359375,2025-03-07,2025-03-07,2025-03-14,4,CD,USD
BDX,1.04,2025-03-10,2025-03-10,2025-03-31,4,CD,USD
UMBF,0.4,2025-03-10,2025-03-10,2025-04-01,4,CD,USD
CTBI,0.47,2025-03-14,2025-03-15,2025-04-01,4,CD,USD
FFIN,0.18,2025-03-14,2025-03-14,2025-04-01,4,CD,USD
FHN,0.15,2025-03-14,2025-03-14,2025-04-01,4,CD,USD
WMB,0.5,2025-03-14,2025-03-14,2025-03-31,4,CD,USD
MRK,0.81,2025-03-17,2025-03-17,2025-04-07,4,CD,USD
PLAZF,1.05,2025-03-21,2025-03-21,2025-03-26,2,CD,SEK
FHNPRE,0.40625,2025-03-26,2025-03-26,2025-04-10,4,CD,USD
FHNPRF,0.29375,2025-03-26,2025-03-26,2025-04-10,4,CD,USD
NOG,0.45,2025-03-28,2025-03-28,2025-04-30,4,CD,USD
GIS,0.6,2025-04-10,2025-04-10,2025-05-01,4,CD,USD
FHNPRC,0.4125,2025-04-16,2025-04-16,2025-05-01,4,CD,USD
GNGBF,4.6,2025-04-24,2025-04-24,2025-04-29,1,CD,SEK
ATLFF,1.5,2025-05-02,2025-05-02,2025-05-07,2,CD,SEK
ATLPF,1.5,2025-05-02,2025-05-02,2025-05-07,2,CD,SEK
HALFF,2.9,2025-05-21,2025-05-21,2025-05-27,1,CD,EUR
PLAZF,1.05,2025-09-26,2025-09-26,2025-10-01,2,CD,SEK
ATLFF,1.5,2025-10-21,2025-10-21,2025-10-24,2,CD,SEK
ATLPF,1.5,2025-10-21,2025-10-21,2025-10-24,2,CD,SEK
AMP,1.48,2025-02-10,2025-02-10,2025-02-28,4,CD,USD
CLB,0.01,2025-02-10,2025-02-10,2025-03-03,4,CD,USD
CQP,0.775,2025-02-10,2025-02-10,2025-02-14,4,CD,USD
CQP,0.045,2025-02-10,2025-02-10,2025-02-14,4,CD,USD
CWT,0.04,2025-02-10,2025-02-10,2025-02-21,0,SC,USD
CWT,0.3,2025-02-10,2025-02-10,2025-02-21,4,CD,USD
FIBK,0.47,2025-02-10,2025-02-10,2025-02-20,4,CD,USD
GLP,0.74,2025-02-10,2025-02-10,2025-02-14,4,CD,USD
GWW,2.05,2025-02-10,2025-02-10,2025-03-01,4,CD,USD
LAZ,0.5,2025-02-10,2025-02-10,2025-02-21,4,CD,USD
LVS,0.25,2025-02-10,2025-02-10,2025-02-19,4,CD,USD
MATW,0.25,2025-02-10,2025-02-10,2025-02-24,4,CD,USD
OHI,0.67,2025-02-10,2025-02-10,2025-02-18,4,CD,USD
SJW,0.42,2025-02-10,2025-02-10,2025-03-03,4,CD,USD
WBS,0.4,2025-02-10,2025-02-10,2025-02-20,4,CD,USD
ASML,1.585512,2025-02-11,2025-02-11,2025-02-19,4,CD,USD
ASMLF,1.52,2025-02-11,2025-02-11,2025-02-19,4,CD,EUR
BORT,0.225,2025-02-11,2025-02-11,2025-02-18,4,CD,USD
DLB,0.33,2025-02-11,2025-02-11,2025-02-19,4,CD,USD
ETD,0.39,2025-02-11,2025-02-11,2025-02-26,4,CD,USD
FBK,0.19,2025-02-11,2025-02-11,2025-02-25,4,CD,USD
BOKF,0.57,2025-02-12,2025-02-12,2025-02-26,4,CD,USD
HMENF,0.025,2025-02-12,2025-02-12,2025-02-26,4,CD,CAD
HNVR,0.1,2025-02-12,2025-02-12,2025-02-19,4,CD,USD
KRNY,0.11,2025-02-12,2025-02-12,2025-02-26,4,CD,USD
LEVI,0.13,2025-02-12,2025-02-12,2025-02-28,4,CD,USD
MTFC,1.15,2025-02-12,2025-02-12,2025-02-14,2,CD,USD
NXST,1.86,2025-02-12,2025-02-12,2025-02-26,4,CD,USD
RCBC,0.4,2025-02-12,2025-02-12,2025-02-26,4,CD,USD
SFBC,0.19,2025-02-12,2025-02-12,2025-02-26,4,CD,USD
TTEK,0.058,2025-02-12,2025-02-12,2025-02-26,4,CD,USD
URI,1.79,2025-02-12,2025-02-12,2025-02-26,4,CD,USD
WCFB,0.05,2025-02-12,2025-02-12,2025-02-21,4,CD,USD
WINA,0.9,2025-02-12,2025-02-12,2025-03-03,4,CD,USD
DCI,0.27,2025-02-13,2025-02-13,2025-02-28,4,CD,USD
MTRAF,0.37,2025-02-13,2025-02-13,2025-03-11,4,CD,CAD
SPNTPRB,0.5,2025-02-13,2025-02-13,2025-02-28,4,CD,USD
STBA,0.34,2025-02-13,2025-02-13,2025-02-27,4,CD,USD
UTL,0.45,2025-02-13,2025-02-13,2025-02-28,4,CD,USD
AIT,0.46,2025-02-14,2025-02-14,2025-02-28,4,CD,USD
BRKL,0.135,2025-02-14,2025-02-14,2025-02-28,4,CD,USD
BWBBP,0.3672,2025-02-14,2025-02-14,2025-03-04,4,CD,USD
CBFV,0.25,2025-02-14,2025-02-14,2025-02-28,4,CD,USD
CCEL,0.25,2025-02-14,2025-02-14,2025-02-28,4,CD,USD
FNWB,0.07,2025-02-14,2025-02-14,2025-02-28,4,CD,USD
HWKN,0.18,2025-02-14,2025-02-14,2025-02-28,4,CD,USD
NACB,0.21,2025-02-14,2025-02-14,2025-02-28,4,CD,USD
PCB,0.2,2025-02-14,2025-02-14,2025-02-21,4,CD,USD
RPT,0.06,2025-02-14,2025-02-14,2025-02-28,4,CD,USD
SCHW,0.27,2025-02-14,2025-02-14,2025-02-28,4,CD,USD
SCHWPRD,0.372,2025-02-14,2025-02-14,2025-03-03,4,CD,USD
SCHWPRJ,0.27825,2025-02-14,2025-02-14,2025-03-03,4,CD,USD
SIGI,0.38,2025-02-14,2025-02-14,2025-03-03,4,CD,USD
HIW,0.5,2025-02-18,2025-02-18,2025-03-11,4,CD,USD
LSTR,0.36,2025-02-18,2025-02-18,2025-03-11,4,CD,USD
MTRN,0.135,2025-02-20,2025-02-20,2025-03-07,4,CD,USD
ACNB,0.32,2025-02-28,2025-02-28,2025-03-14,4,CD,USD
ATLCP,0.476563,2025-02-28,2025-03-01,2025-03-17,4,CD,USD
PBSV,0.075,2025-02-28,2025-02-28,2025-03-20,0,SC,USD
SIGIP,0.2875,2025-02-28,2025-02-28,2025-03-17,4,CD,USD
VIRT,0.24,2025-02-28,2025-02-28,2025-03-17,4,CD,USD
WBSPRF,0.328125,2025-02-28,2025-03-02,2025-03-17,4,CD,USD
BALL,0.2,2025-03-03,2025-03-03,2025-03-17,4,CD,USD
BERY,0.31,2025-03-03,2025-03-03,2025-03-17,4,CD,USD
BPYPM,0.390625,2025-03-03,2025-03-03,2025-03-31,4,CD,USD
BPYPN,0.359375,2025-03-03,2025-03-03,2025-03-31,4,CD,USD
BPYPO,0.3984375,2025-03-03,2025-03-03,2025-03-31,4,CD,USD
BPYPP,0.40625,2025-03-03,2025-03-03,2025-03-31,4,CD,USD
ES,0.7525,2025-03-04,2025-03-04,2025-03-31,4,CD,USD
AJG,0.65,2025-03-07,2025-03-07,2025-03-21,4,CD,USD
BAC,0.26,2025-03-07,2025-03-07,2025-03-28,4,CD,USD
BLK,5.21,2025-03-07,2025-03-07,2025-03-24,4,CD,USD
RCI,0.5,2025-03-10,2025-03-10,2025-04-02,4,CD,CAD
RCIAF,0.5,2025-03-10,2025-03-10,2025-04-02,4,CD,CAD
VFC,0.09,2025-03-10,2025-03-10,2025-03-20,4,CD,USD
FNV,0.38,2025-03-13,2025-03-13,2025-03-27,4,CD,USD
NDAQ,0.24,2025-03-14,2025-03-14,2025-03-28,4,CD,USD
SAMG,0.2,2025-03-14,2025-03-14,2025-03-21,4,CD,USD
EXCOF,0.105,2025-03-17,2025-03-17,2025-03-31,4,CD,CAD
HGRVF,0.185,2025-03-21,2025-03-21,2025-04-08,2,CD,GBP
CP,0.19,2025-03-28,2025-03-28,2025-04-28,4,CD,CAD
OFG,0.3,2025-03-31,2025-03-31,2025-04-15,4,CD,USD
WBSPRG,0.40625,2025-03-31,2025-03-31,2025-04-15,4,CD,USD
SCVPF,2.5,2025-04-03,2025-04-03,2025-04-22,2,CD,THB
SCVUF,2.5,2025-04-03,2025-04-03,2025-04-24,2,CD,THB
SVKEF,3,2025-04-03,2025-04-03,2025-04-08,0,SC,SEK
SVKEF,8.5,2025-04-03,2025-04-03,2025-04-08,1,CD,SEK
VLVLY,0.954805,2025-04-04,2025-04-04,2025-04-24,0,SC,USD
VLVLY,0.727471,2025-04-04,2025-04-04,2025-04-24,1,CD,USD
VOLAF,8,2025-04-04,2025-04-04,2025-04-09,1,CD,SEK
VOLAF,10.5,2025-04-04,2025-04-04,2025-04-09,1,CD,SEK
VOLVF,8,2025-04-04,2025-04-04,2025-04-09,1,CD,SEK
VOLVF,10.5,2025-04-04,2025-04-04,2025-04-09,1,CD,SEK
BACRP,1.75,2025-04-11,2025-04-11,2025-04-25,4,CD,USD
BRRDF,4.25,2025-04-14,2025-04-14,2025-04-23,1,CD,NOK
CLOEF,1.1,2025-04-14,2025-04-14,2025-04-17,1,CD,SEK
ASML,1.919304,2025-04-28,2025-04-28,2025-05-06,4,CD,USD
ASMLF,1.84,2025-04-28,2025-04-28,2025-05-06,4,CD,EUR
TBABF,7.5,2025-04-28,2025-04-28,2025-05-02,1,CD,SEK
AKZOF,1.54,2025-04-30,2025-04-30,2025-05-07,2,CD,EUR
SSAAF,2.6,2025-05-02,2025-05-02,2025-05-07,1,CD,SEK
SSABF,2.6,2025-05-02,2025-05-02,2025-05-07,1,CD,SEK
LZAGF,4,2025-05-14,2025-05-14,2025-05-15,1,CD,CHF
AAPL,0.25,2025-02-10,2025-02-10,2025-02-13,4,CD,USD
AROW,0.28,2025-02-10,2025-02-10,2025-02-24,4,CD,USD
CDRPRB,0.453125,2025-02-10,2025-02-10,2025-02-20,4,CD,USD
CDRPRC,0.40625,2025-02-10,2025-02-10,2025-02-20,4,CD,USD
HCBC,0.5,2025-02-10,2025-02-10,2025-02-24,4,CD,USD
MDVT,0.25,2025-02-10,2025-02-10,2025-02-14,4,CD,USD
MPX,0.7,2025-02-10,2025-02-10,2025-03-10,0,SC,USD
MPX,0.14,2025-02-10,2025-02-10,2025-03-10,4,CD,USD
NMM,0.05,2025-02-10,2025-02-10,2025-02-13,4,CD,USD
NOMD,0.17,2025-02-10,2025-02-10,2025-02-26,4,CD,USD
PSKRY,0.708378,2025-02-10,2025-02-10,2025-02-28,4,CD,USD
RES,0.04,2025-02-10,2025-02-10,2025-03-10,4,CD,USD
UG,0.35,2025-02-10,2025-02-10,2025-02-18,2,CD,USD
X,0.05,2025-02-10,2025-02-10,2025-03-12,4,CD,USD
BKR,0.23,2025-02-11,2025-02-11,2025-02-21,4,CD,USD
JHG,0.39,2025-02-11,2025-02-11,2025-02-27,4,CD,USD
PBNC,0.57,2025-02-11,2025-02-11,2025-02-27,4,CD,USD
V,0.59,2025-02-11,2025-02-11,2025-03-03,4,CD,USD
AROC,0.19,2025-02-12,2025-02-12,2025-02-19,4,CD,USD
SASR,0.34,2025-02-12,2025-02-12,2025-02-19,4,CD,USD
HTH,0.18,2025-02-13,2025-02-13,2025-02-27,4,CD,USD
PFSI,0.3,2025-02-13,2025-02-13,2025-02-23,4,CD,USD
RMD,0.53,2025-02-13,2025-02-13,2025-03-20,4,CD,USD
ALE,0.73,2025-02-14,2025-02-14,2025-03-01,4,CD,USD
ARR,0.24,2025-02-14,2025-02-14,2025-02-27,12,CD,USD
BFH,0.21,2025-02-14,2025-02-14,2025-03-21,4,CD,USD
BFIN,0.1,2025-02-14,2025-02-14,2025-02-28,4,CD,USD
CBBI,0.1,2025-02-14,2025-02-14,2025-02-28,4,CD,USD
CCNEP,0.4453125,2025-02-14,2025-02-14,2025-02-28,4,CD,USD
CF,0.5,2025-02-14,2025-02-14,2025-02-28,4,CD,USD
DMF,0.019,2025-02-14,2025-02-14,2025-02-28,12,CD,USD
DSM,0.018,2025-02-14,2025-02-14,2025-02-28,12,CD,USD
ESQ,0.175,2025-02-14,2025-02-14,2025-03-03,4,CD,USD
FCFS,0.38,2025-02-14,2025-02-14,2025-02-28,4,CD,USD
GEN,0.125,2025-02-14,2025-02-17,2025-03-12,4,CD,USD
INFT,0.07,2025-02-14,2025-02-14,2025-02-28,4,CD,USD
LEO,0.019,2025-02-14,2025-02-14,2025-02-28,12,CD,USD
OSK,0.51,2025-02-14,2025-02-17,2025-03-03,4,CD,USD
OTIS,0.39,2025-02-14,2025-02-14,2025-03-07,4,CD,USD
PSTL,0.2425,2025-02-14,2025-02-14,2025-02-28,4,CD,USD
RANKF,0.0065,2025-02-14,2025-02-14,2025-03-13,0,SC,GBP
REYN,0.23,2025-02-14,2025-02-14,2025-02-28,4,CD,USD
SHEL,0.716,2025-02-14,2025-02-14,2025-03-24,4,CD,USD
SW,0.4308,2025-02-14,2025-02-14,2025-03-18,4,CD,USD
SXC,0.12,2025-02-14,2025-02-17,2025-03-03,4,CD,USD
ATKR,0.32,2025-02-18,2025-02-18,2025-02-28,4,CD,USD
BKOR,0.12,2025-02-18,2025-02-18,2025-03-03,4,CD,USD
CNOB,0.18,2025-02-18,2025-02-18,2025-03-03,4,CD,USD
CNOBP,0.328125,2025-02-18,2025-02-18,2025-03-03,4,CD,USD
MUR,0.325,2025-02-18,2025-02-18,2025-03-03,4,CD,USD
ZWS,0.09,2025-02-20,2025-02-20,2025-03-07,4,CD,USD
J,0.32,2025-02-21,2025-02-21,2025-03-21,4,CD,USD
VOYA,0.45,2025-02-25,2025-02-25,2025-03-27,4,CD,USD
VOYAPRB,0.334375,2025-02-25,2025-02-25,2025-03-17,4,CD,USD
PEXUF,5.125,2025-02-26,2025-02-26,2025-04-23,2,CD,THB
PTXLF,5.125,2025-02-26,2025-02-26,2025-04-22,2,CD,THB
BAFN,0.08,2025-02-28,2025-03-01,2025-03-15,4,CD,USD
BIOYF,0.05,2025-02-28,2025-02-28,2025-03-14,4,CD,CAD
BIP,0.43,2025-02-28,2025-02-28,2025-03-31,4,CD,USD
BIPC,0.43,2025-02-28,2025-02-28,2025-03-31,4,CD,USD
BIPPRA,0.320313,2025-02-28,2025-02-28,2025-03-17,4,CD,USD
BIPPRB,0.3125,2025-02-28,2025-02-28,2025-03-17,4,CD,USD
BRIPF,0.402875,2025-02-28,2025-02-28,2025-03-31,4,CD,CAD
CFRPRB,0.278125,2025-02-28,2025-02-28,2025-03-17,4,CD,USD
HII,1.35,2025-02-28,2025-02-28,2025-03-14,4,CD,USD
NNI,0.28,2025-02-28,2025-02-28,2025-03-14,4,CD,USD
FNB,0.12,2025-03-03,2025-03-03,2025-03-15,4,CD,USD
MCK,0.71,2025-03-03,2025-03-03,2025-04-01,4,CD,USD
PII,0.67,2025-03-03,2025-03-03,2025-03-17,4,CD,USD
AVY,0.88,2025-03-05,2025-03-05,2025-03-19,4,CD,USD
CI,1.51,2025-03-05,2025-03-05,2025-03-20,4,CD,USD
HWC,0.45,2025-03-05,2025-03-05,2025-03-17,4,CD,USD
VNOM,0.35,2025-03-06,2025-03-06,2025-03-13,4,CD,USD
VNOM,0.3,2025-03-06,2025-03-06,2025-03-13,4,CD,USD
KNYJF,1.8,2025-03-07,2025-03-07,2025-03-14,1,CD,EUR
CNI,0.8875,2025-03-10,2025-03-10,2025-03-31,4,CD,CAD
SOCGM,0.375,2025-03-10,2025-03-10,2025-04-15,4,CD,USD
SOCGP,0.375,2025-03-10,2025-03-10,2025-04-15,4,CD,USD
FIS,0.4,2025-03-11,2025-03-11,2025-03-25,4,CD,USD
SR,0.785,2025-03-11,2025-03-11,2025-04-02,4,CD,USD
TRUX,1,2025-03-11,2025-03-11,2025-03-25,0,SC,USD
TRUX,0.5,2025-03-11,2025-03-11,2025-03-25,4,CD,USD
HPQ,0.2894,2025-03-12,2025-03-12,2025-04-02,4,CD,USD
CURI,0.03,2025-03-14,2025-03-14,2025-03-28,4,CD,USD
EDVMF,0.57,2025-03-14,2025-03-14,2025-04-15,2,CD,USD
SFNC,0.2125,2025-03-14,2025-03-14,2025-04-01,4,CD,USD
MBNKP,0.5,2025-03-17,2025-03-17,2025-04-01,4,CD,USD
MEOH,0.185,2025-03-17,2025-03-17,2025-03-31,4,CD,USD
AROW,0.28,2025-02-10,2025-02-10,2025-02-24,4,CD,USD
CDRPRB,0.453125,2025-02-10,2025-02-10,2025-02-20,4,CD,USD
CDRPRC,0.40625,2025-02-10,2025-02-10,2025-02-20,4,CD,USD
HCBC,0.5,2025-02-10,2025-02-10,2025-02-24,4,CD,USD
MDVT,0.25,2025-02-10,2025-02-10,2025-02-14,4,CD,USD
MPX,0.7,2025-02-10,2025-02-10,2025-03-10,0,SC,USD
MPX,0.14,2025-02-10,2025-02-10,2025-03-10,4,CD,USD
NMM,0.05,2025-02-10,2025-02-10,2025-02-13,4,CD,USD
NOMD,0.17,2025-02-10,2025-02-10,2025-02-26,4,CD,USD
PSKRY,0.708378,2025-02-10,2025-02-10,2025-02-28,4,CD,USD
RES,0.04,2025-02-10,2025-02-10,2025-03-10,4,CD,USD
UG,0.35,2025-02-10,2025-02-10,2025-02-18,2,CD,USD
X,0.05,2025-02-10,2025-02-10,2025-03-12,4,CD,USD
BKR,0.23,2025-02-11,2025-02-11,2025-02-21,4,CD,USD
JHG,0.39,2025-02-11,2025-02-11,2025-02-27,4,CD,USD
PBNC,0.57,2025-02-11,2025-02-11,2025-02-27,4,CD,USD
V,0.59,2025-02-11,2025-02-11,2025-03-03,4,CD,USD
AROC,0.19,2025-02-12,2025-02-12,2025-02-19,4,CD,USD
SASR,0.34,2025-02-12,2025-02-12,2025-02-19,4,CD,USD
HTH,0.18,2025-02-13,2025-02-13,2025-02-27,4,CD,USD
PFSI,0.3,2025-02-13,2025-02-13,2025-02-23,4,CD,USD
RMD,0.53,2025-02-13,2025-02-13,2025-03-20,4,CD,USD
ARR,0.24,2025-02-14,2025-02-14,2025-02-27,12,CD,USD
BFH,0.21,2025-02-14,2025-02-14,2025-03-21,4,CD,USD
BFIN,0.1,2025-02-14,2025-02-14,2025-02-28,4,CD,USD
CBBI,0.1,2025-02-14,2025-02-14,2025-02-28,4,CD,USD
CCNEP,0.4453125,2025-02-14,2025-02-14,2025-02-28,4,CD,USD
CF,0.5,2025-02-14,2025-02-14,2025-02-28,4,CD,USD
DMF,0.019,2025-02-14,2025-02-14,2025-02-28,12,CD,USD
DSM,0.018,2025-02-14,2025-02-14,2025-02-28,12,CD,USD
ESQ,0.175,2025-02-14,2025-02-14,2025-03-03,4,CD,USD
FCFS,0.38,2025-02-14,2025-02-14,2025-02-28,4,CD,USD
GEN,0.125,2025-02-14,2025-02-17,2025-03-12,4,CD,USD
INFT,0.07,2025-02-14,2025-02-14,2025-02-28,4,CD,USD
LEO,0.019,2025-02-14,2025-02-14,2025-02-28,12,CD,USD
OSK,0.51,2025-02-14,2025-02-17,2025-03-03,4,CD,USD
OTIS,0.39,2025-02-14,2025-02-14,2025-03-07,4,CD,USD
PSTL,0.2425,2025-02-14,2025-02-14,2025-02-28,4,CD,USD
RANKF,0.0065,2025-02-14,2025-02-14,2025-03-13,0,SC,GBP
REYN,0.23,2025-02-14,2025-02-14,2025-02-28,4,CD,USD
SHEL,0.716,2025-02-14,2025-02-14,2025-03-24,4,CD,USD
SW,0.4308,2025-02-14,2025-02-14,2025-03-18,4,CD,USD
SXC,0.12,2025-02-14,2025-02-17,2025-03-03,4,CD,USD
ATKR,0.32,2025-02-18,2025-02-18,2025-02-28,4,CD,USD
BKOR,0.12,2025-02-18,2025-02-18,2025-03-03,4,CD,USD
CNOB,0.18,2025-02-18,2025-02-18,2025-03-03,4,CD,USD
CNOBP,0.328125,2025-02-18,2025-02-18,2025-03-03,4,CD,USD
MUR,0.325,2025-02-18,2025-02-18,2025-03-03,4,CD,USD
ZWS,0.09,2025-02-20,2025-02-20,2025-03-07,4,CD,USD
J,0.32,2025-02-21,2025-02-21,2025-03-21,4,CD,USD
VOYA,0.45,2025-02-25,2025-02-25,2025-03-27,4,CD,USD
VOYAPRB,0.334375,2025-02-25,2025-02-25,2025-03-17,4,CD,USD
PEXUF,5.125,2025-02-26,2025-02-26,2025-04-23,2,CD,THB
PTXLF,5.125,2025-02-26,2025-02-26,2025-04-22,2,CD,THB
BAFN,0.08,2025-02-28,2025-03-01,2025-03-15,4,CD,USD
BIOYF,0.05,2025-02-28,2025-02-28,2025-03-14,4,CD,CAD
BIP,0.43,2025-02-28,2025-02-28,2025-03-31,4,CD,USD
BIPC,0.43,2025-02-28,2025-02-28,2025-03-31,4,CD,USD
BIPPRA,0.320313,2025-02-28,2025-02-28,2025-03-17,4,CD,USD
BIPPRB,0.3125,2025-02-28,2025-02-28,2025-03-17,4,CD,USD
BRIPF,0.402875,2025-02-28,2025-02-28,2025-03-31,4,CD,CAD
CFRPRB,0.278125,2025-02-28,2025-02-28,2025-03-17,4,CD,USD
HII,1.35,2025-02-28,2025-02-28,2025-03-14,4,CD,USD
NNI,0.28,2025-02-28,2025-02-28,2025-03-14,4,CD,USD
FNB,0.12,2025-03-03,2025-03-03,2025-03-15,4,CD,USD
MCK,0.71,2025-03-03,2025-03-03,2025-04-01,4,CD,USD
PII,0.67,2025-03-03,2025-03-03,2025-03-17,4,CD,USD
AVY,0.88,2025-03-05,2025-03-05,2025-03-19,4,CD,USD
CI,1.51,2025-03-05,2025-03-05,2025-03-20,4,CD,USD
HWC,0.45,2025-03-05,2025-03-05,2025-03-17,4,CD,USD
VNOM,0.35,2025-03-06,2025-03-06,2025-03-13,4,CD,USD
VNOM,0.3,2025-03-06,2025-03-06,2025-03-13,4,CD,USD
KNYJF,1.8,2025-03-07,2025-03-07,2025-03-14,1,CD,EUR
CNI,0.8875,2025-03-10,2025-03-10,2025-03-31,4,CD,CAD
SOCGM,0.375,2025-03-10,2025-03-10,2025-04-15,4,CD,USD
SOCGP,0.375,2025-03-10,2025-03-10,2025-04-15,4,CD,USD
FIS,0.4,2025-03-11,2025-03-11,2025-03-25,4,CD,USD
SR,0.785,2025-03-11,2025-03-11,2025-04-02,4,CD,USD
TRUX,0.5,2025-03-11,2025-03-11,2025-03-25,4,CD,USD
TRUX,1,2025-03-11,2025-03-11,2025-03-25,0,SC,USD
HPQ,0.2894,2025-03-12,2025-03-12,2025-04-02,4,CD,USD
CURI,0.03,2025-03-14,2025-03-14,2025-03-28,4,CD,USD
EDVMF,0.57,2025-03-14,2025-03-14,2025-04-15,2,CD,USD
SFNC,0.2125,2025-03-14,2025-03-14,2025-04-01,4,CD,USD
MBNKP,0.5,2025-03-17,2025-03-17,2025-04-01,4,CD,USD
MEOH,0.185,2025-03-17,2025-03-17,2025-03-31,4,CD,USD
APH,0.165,2025-03-18,2025-03-18,2025-04-09,4,CD,USD
NBNKF,0.94,2025-03-24,2025-03-24,2025-03-31,1,CD,EUR
NRDBY,0.979104,2025-03-24,2025-03-24,2025-04-07,1,CD,USD
RHHBF,9.7,2025-03-28,2025-03-28,2025-03-31,1,CD,CHF
RHHVF,9.7,2025-03-28,2025-03-28,2025-03-31,1,CD,CHF
CMCSA,0.33,2025-04-02,2025-04-02,2025-04-23,4,CD,USD
DGX,0.8,2025-04-07,2025-04-07,2025-04-21,4,CD,USD
IDDWF,3,2025-04-07,2025-04-07,2025-04-10,1,CD,SEK
TLSNF,0.5,2025-04-11,2025-04-11,2025-04-16,4,CD,SEK
KKPNF,0.102,2025-04-23,2025-04-23,2025-04-28,2,CD,EUR
SRPRA,0.36875,2025-04-25,2025-04-25,2025-05-15,4,CD,USD
ARRJF,0.95,2025-05-02,2025-05-02,2025-05-07,1,CD,SEK
HMRZF,3.4,2025-05-09,2025-05-09,2025-05-14,2,CD,SEK
EPIAF,1.9,2025-05-12,2025-05-12,2025-05-15,2,CD,SEK
EPIPF,1.9,2025-05-12,2025-05-12,2025-05-15,2,CD,SEK
TLSNF,0.5,2025-07-31,2025-07-31,2025-08-05,4,CD,SEK
EPIAF,1.9,2025-10-14,2025-10-14,2025-10-17,2,CD,SEK
EPIPF,1.9,2025-10-14,2025-10-14,2025-10-17,2,CD,SEK
TLSNF,0.5,2025-10-30,2025-10-30,2025-11-04,4,CD,SEK
HMRZF,3.4,2025-11-07,2025-11-07,2025-11-12,2,CD,SEK
TLSNF,0.5,2026-02-06,2026-02-06,2026-02-11,4,CD,SEK
ETR,0.6,2025-02-10,2025-02-10,2025-03-03,4,CD,USD
GMLPF,0.546875,2025-02-10,2025-02-10,2025-02-18,4,CD,USD
OMF,1.04,2025-02-12,2025-02-12,2025-02-20,4,CD,USD
WT,0.03,2025-02-12,2025-02-12,2025-02-26,4,CD,USD
XOM,0.99,2025-02-12,2025-02-12,2025-03-10,4,CD,USD
EAD,0.0534,2025-02-13,2025-02-13,2025-03-03,12,CD,USD
ERC,0.07284,2025-02-13,2025-02-13,2025-03-03,12,CD,USD
ERH,0.07626,2025-02-13,2025-02-13,2025-03-03,12,CD,USD
ZION,0.43,2025-02-13,2025-02-13,2025-02-20,4,CD,USD
AUB,0.34,2025-02-14,2025-02-14,2025-02-28,4,CD,USD
AUBPRA,0.43,2025-02-14,2025-02-14,2025-03-03,4,CD,USD
BAH,0.55,2025-02-14,2025-02-14,2025-03-04,4,CD,USD
CHD,0.295,2025-02-14,2025-02-14,2025-03-03,4,CD,USD
CVX,1.71,2025-02-14,2025-02-14,2025-03-10,4,CD,USD
FHB,0.26,2025-02-14,2025-02-14,2025-02-28,4,CD,USD
GWRS,0.02533,2025-02-14,2025-02-14,2025-02-28,12,CD,USD
KR,0.32,2025-02-14,2025-02-14,2025-03-01,4,CD,USD
LNCPRD,0.5625,2025-02-14,2025-02-14,2025-03-01,4,CD,USD
NRT,0.04,2025-02-14,2025-02-14,2025-02-26,4,CD,USD
OPY,0.18,2025-02-14,2025-02-14,2025-02-28,4,CD,USD
ORRF,0.26,2025-02-14,2025-02-14,2025-02-21,4,CD,USD
PFLC,0.14,2025-02-14,2025-02-14,2025-02-28,4,CD,USD
TAIT,0.05,2025-02-14,2025-02-14,2025-02-28,4,CD,USD
TBNK,0.01,2025-02-14,2025-02-14,2025-02-28,4,CD,USD
TMP,0.62,2025-02-14,2025-02-14,2025-02-21,4,CD,USD
NBXG,0.1,2025-02-18,2025-02-18,2025-02-28,12,CD,USD
NML,0.0584,2025-02-18,2025-02-18,2025-02-28,12,CD,USD
PRMRF,0.05,2025-02-20,2025-02-20,2025-02-28,12,CD,CAD
LDSCY,0.11798,2025-02-21,2025-02-21,2025-04-28,4,CD,USD
LSGOF,0.095,2025-02-21,2025-02-21,2025-04-11,4,CD,GBP
RTX,0.63,2025-02-21,2025-02-21,2025-03-20,4,CD,USD
VSTS,0.035,2025-02-21,2025-02-21,2025-03-18,4,CD,USD
CVEO,0.25,2025-02-24,2025-02-24,2025-03-17,4,CD,USD
LFGP,0.21,2025-02-26,2025-02-26,2025-03-19,4,CD,USD
BBU,0.0625,2025-02-28,2025-02-28,2025-03-31,4,CD,USD
BBUC,0.0625,2025-02-28,2025-02-28,2025-03-31,4,CD,USD
BEP,0.373,2025-02-28,2025-02-28,2025-03-31,4,CD,USD
BEPC,0.373,2025-02-28,2025-02-28,2025-03-31,4,CD,USD
GATX,0.61,2025-02-28,2025-02-28,2025-03-31,4,CD,USD
HUBB,1.32,2025-02-28,2025-02-28,2025-03-17,4,CD,USD
KREFPRA,0.40625,2025-02-28,2025-02-28,2025-03-14,4,CD,USD
PFIS,0.6175,2025-02-28,2025-02-28,2025-03-14,4,CD,USD
ZIONP,0.3701119,2025-02-28,2025-03-01,2025-03-17,4,CD,USD
PIPR,0.65,2025-03-04,2025-03-04,2025-03-14,4,CD,USD
PIPR,3,2025-03-04,2025-03-04,2025-03-14,0,SC,USD
IMO,0.72,2025-03-05,2025-03-05,2025-04-01,4,CD,CAD
CBSH,0.275,2025-03-07,2025-03-07,2025-03-25,4,CD,USD
FLG,0.01,2025-03-07,2025-03-07,2025-03-17,4,CD,USD
FLGPRA,0.3984,2025-03-07,2025-03-07,2025-03-17,4,CD,USD
NVSEF,3.5,2025-03-12,2025-03-12,2025-03-13,1,CD,CHF
CINF,0.87,2025-03-24,2025-03-24,2025-04-15,4,CD,USD
HLMMF,3,2025-04-02,2025-04-02,2025-04-07,1,CD,SEK
HLMMF,9,2025-04-02,2025-04-02,2025-04-07,1,CD,SEK
SKUFF,7.75,2025-04-03,2025-04-03,2025-04-08,1,CD,SEK
SKULF,7.75,2025-04-03,2025-04-03,2025-04-08,1,CD,SEK
SSD,0.28,2025-04-03,2025-04-03,2025-04-24,4,CD,USD
ELMUF,1.18,2025-04-04,2025-04-04,2025-04-11,2,CD,EUR
BEPPRA,0.328125,2025-04-15,2025-04-15,2025-04-30,4,CD,USD
BDRFF,1,2025-04-23,2025-04-23,2025-04-24,1,CD,EUR
KKPNY,0.106267,2025-04-23,2025-04-23,2025-05-05,2,CD,USD
LPGDF,330,2025-04-23,2025-04-23,2025-04-30,2,CD,PLN
BAYZF,0.11,2025-04-29,2025-04-29,2025-04-30,1,CD,EUR
CTTAF,2.2,2025-04-29,2025-04-29,2025-04-30,1,CD,EUR
LFABF,2.4,2025-04-29,2025-04-29,2025-05-05,1,CD,SEK
VTRLY,0.099525,2025-05-02,2025-05-02,2025-05-21,1,CD,USD
BFFAF,2.25,2025-05-06,2025-05-06,2025-05-07,1,CD,EUR
EVVTY,2.91032,2025-05-07,2025-05-07,2025-05-27,1,CD,USD
HXGBF,0.14,2025-05-07,2025-05-07,2025-05-14,1,CD,EUR
ECTXF,0.85,2025-05-09,2025-05-09,2025-05-14,1,CD,SEK
ALIZF,13.8,2025-05-12,2025-05-12,2025-05-13,1,CD,EUR
BAMXF,6,2025-05-16,2025-05-16,2025-05-19,1,CD,EUR
DBOEF,3.8,2025-05-16,2025-05-16,2025-05-19,1,CD,EUR
DTGHF,1.9,2025-05-16,2025-05-16,2025-05-19,1,CD,EUR
ADDDF,0.7,2025-05-19,2025-05-19,2025-05-20,1,CD,EUR
CRZBF,0.65,2025-05-19,2025-05-19,2025-05-20,1,CD,EUR
BNTGF,2.1,2025-05-23,2025-05-26,2025-05-27,1,CD,EUR
DB,0.68,2025-05-23,2025-05-26,2025-05-27,1,CD,EUR
ELMUF,1.17,2025-10-17,2025-10-17,2025-10-24,2,CD,EUR
BRW,0.085,2025-02-11,2025-02-11,2025-02-28,12,CD,USD
LLGCF,0.017951,2025-02-11,2025-02-11,2025-03-28,2,CD,SGD
SABA,0.058,2025-02-11,2025-02-11,2025-02-28,12,CD,USD
CCD,0.195,2025-02-13,2025-02-13,2025-02-21,12,CD,USD
CEV,0.05,2025-02-13,2025-02-13,2025-02-24,12,CD,USD
CGO,0.08,2025-02-13,2025-02-13,2025-02-21,12,CD,USD
CHI,0.095,2025-02-13,2025-02-13,2025-02-21,12,CD,USD
CHW,0.05,2025-02-13,2025-02-13,2025-02-21,12,CD,USD
CHY,0.1,2025-02-13,2025-02-13,2025-02-21,12,CD,USD
CPZ,0.14,2025-02-13,2025-02-13,2025-02-21,12,CD,USD
CSQ,0.1025,2025-02-13,2025-02-13,2025-02-21,12,CD,USD
EVF,0.044,2025-02-13,2025-02-13,2025-02-24,12,CD,USD
EVN,0.0513,2025-02-13,2025-02-13,2025-02-24,12,CD,USD
EVV,0.0732,2025-02-13,2025-02-13,2025-02-24,12,CD,USD
HPF,0.1235,2025-02-13,2025-02-13,2025-02-28,12,CD,USD
HPI,0.1235,2025-02-13,2025-02-13,2025-02-28,12,CD,USD
HPS,0.11,2025-02-13,2025-02-13,2025-02-28,12,CD,USD
HTD,0.138,2025-02-13,2025-02-13,2025-02-28,12,CD,USD
PAXS,0.1494,2025-02-13,2025-02-13,2025-03-03,12,CD,USD
PCK,0.0215,2025-02-13,2025-02-13,2025-03-03,12,CD,USD
PCM,0.06424,2025-02-13,2025-02-13,2025-03-03,12,CD,USD
PCN,0.1125,2025-02-13,2025-02-13,2025-03-03,12,CD,USD
PCQ,0.036,2025-02-13,2025-02-13,2025-03-03,12,CD,USD
PDI,0.2205,2025-02-13,2025-02-13,2025-03-03,12,CD,USD
PDO,0.1279,2025-02-13,2025-02-13,2025-03-03,12,CD,USD
PDT,0.0825,2025-02-13,2025-02-13,2025-02-28,12,CD,USD
PDX,0.1334,2025-02-13,2025-02-13,2025-03-03,12,CD,USD
PFL,0.0814,2025-02-13,2025-02-13,2025-03-03,12,CD,USD
PFN,0.0718,2025-02-13,2025-02-13,2025-03-03,12,CD,USD
PGP,0.069,2025-02-13,2025-02-13,2025-03-03,12,CD,USD
PHK,0.048,2025-02-13,2025-02-13,2025-03-03,12,CD,USD
PMF,0.042,2025-02-13,2025-02-13,2025-03-03,12,CD,USD
PML,0.0395,2025-02-13,2025-02-13,2025-03-03,12,CD,USD
PMX,0.033,2025-02-13,2025-02-13,2025-03-03,12,CD,USD
PNF,0.0335,2025-02-13,2025-02-13,2025-03-03,12,CD,USD
PNI,0.0295,2025-02-13,2025-02-13,2025-03-03,12,CD,USD
PTY,0.1188,2025-02-13,2025-02-13,2025-03-03,12,CD,USD
PYN,0.0248,2025-02-13,2025-02-13,2025-03-03,12,CD,USD
PZC,0.0295,2025-02-13,2025-02-13,2025-03-03,12,CD,USD
RCS,0.04,2025-02-13,2025-02-13,2025-03-03,12,CD,USD
TBLD,0.10417,2025-02-13,2025-02-13,2025-02-21,12,CD,USD
ALTG,0.057,2025-02-14,2025-02-15,2025-02-28,4,CD,USD
AVK,0.1172,2025-02-14,2025-02-14,2025-02-28,12,CD,USD
BBN,0.0929,2025-02-14,2025-02-14,2025-02-28,12,CD,USD
BCAT,0.28822,2025-02-14,2025-02-14,2025-02-28,12,CD,USD
BCX,0.0697,2025-02-14,2025-02-14,2025-02-28,12,CD,USD
BDJ,0.0619,2025-02-14,2025-02-14,2025-02-28,12,CD,USD
BFK,0.05,2025-02-14,2025-02-14,2025-03-03,12,CD,USD
BFZ,0.059,2025-02-14,2025-02-14,2025-03-03,12,CD,USD
BGR,0.0973,2025-02-14,2025-02-14,2025-02-28,12,CD,USD
BGT,0.12028,2025-02-14,2025-02-14,2025-02-28,12,CD,USD
BGY,0.0426,2025-02-14,2025-02-14,2025-02-28,12,CD,USD
BHK,0.0746,2025-02-14,2025-02-14,2025-02-28,12,CD,USD
BHV,0.0515,2025-02-14,2025-02-14,2025-03-03,12,CD,USD
BIGZ,0.08657,2025-02-14,2025-02-14,2025-02-28,12,CD,USD
BIT,0.1237,2025-02-14,2025-02-14,2025-02-28,12,CD,USD
BKN,0.057,2025-02-14,2025-02-14,2025-03-03,12,CD,USD
BKT,0.0882,2025-02-14,2025-02-14,2025-02-28,12,CD,USD
BLE,0.054,2025-02-14,2025-02-14,2025-03-03,12,CD,USD
BLW,0.1132,2025-02-14,2025-02-14,2025-02-28,12,CD,USD
BME,0.2621,2025-02-14,2025-02-14,2025-02-28,12,CD,USD
BMEZ,0.1773,2025-02-14,2025-02-14,2025-02-28,12,CD,USD
BMN,0.09375,2025-02-14,2025-02-14,2025-03-03,12,CD,USD
BNY,0.051,2025-02-14,2025-02-14,2025-03-03,12,CD,USD
BOE,0.0827,2025-02-14,2025-02-14,2025-02-28,12,CD,USD
BST,0.25,2025-02-14,2025-02-14,2025-02-28,12,CD,USD
BSTZ,0.22178,2025-02-14,2025-02-14,2025-02-28,12,CD,USD
BTA,0.0495,2025-02-14,2025-02-14,2025-03-03,12,CD,USD
BTT,0.0464,2025-02-14,2025-02-14,2025-03-03,12,CD,USD
BTZ,0.0839,2025-02-14,2025-02-14,2025-02-28,12,CD,USD
BUI,0.136,2025-02-14,2025-02-14,2025-02-28,12,CD,USD
BYM,0.0555,2025-02-14,2025-02-14,2025-03-03,12,CD,USD
CII,0.141,2025-02-14,2025-02-14,2025-02-28,12,CD,USD
CNBA,0.17,2025-02-14,2025-02-14,2025-02-28,4,CD,USD
DOC,0.305,2025-02-14,2025-02-14,2025-02-26,4,CD,USD
DSU,0.09873,2025-02-14,2025-02-14,2025-02-28,12,CD,USD
ECAT,0.30699,2025-02-14,2025-02-14,2025-02-28,12,CD,USD
EFR,0.091,2025-02-14,2025-02-14,2025-02-28,12,CD,USD
EFT,0.094,2025-02-14,2025-02-14,2025-02-28,12,CD,USD
EGF,0.041,2025-02-14,2025-02-14,2025-02-28,12,CD,USD
EIM,0.0508,2025-02-14,2025-02-14,2025-02-28,12,CD,USD
ELMA,0.1,2025-02-14,2025-02-14,2025-03-03,1,CD,USD
EML,0.11,2025-02-14,2025-02-14,2025-03-14,4,CD,USD
ENX,0.0417,2025-02-14,2025-02-14,2025-02-28,12,CD,USD
EOI,0.1338,2025-02-14,2025-02-14,2025-02-28,12,CD,USD
EOS,0.1523,2025-02-14,2025-02-14,2025-02-28,12,CD,USD
EOT,0.0683,2025-02-14,2025-02-14,2025-02-28,12,CD,USD
ETB,0.1058,2025-02-14,2025-02-14,2025-02-28,12,CD,USD
ETG,0.1293,2025-02-14,2025-02-14,2025-02-28,12,CD,USD
ETJ,0.0651,2025-02-14,2025-02-14,2025-02-28,12,CD,USD
ETO,0.1733,2025-02-14,2025-02-14,2025-02-28,12,CD,USD
ETV,0.0993,2025-02-14,2025-02-14,2025-02-28,12,CD,USD
ETW,0.0664,2025-02-14,2025-02-14,2025-02-28,12,CD,USD
ETX,0.0782,2025-02-14,2025-02-14,2025-02-28,12,CD,USD
ETY,0.0992,2025-02-14,2025-02-14,2025-02-28,12,CD,USD
EVG,0.074,2025-02-14,2025-02-14,2025-02-28,12,CD,USD
EVM,0.0417,2025-02-14,2025-02-14,2025-02-28,12,CD,USD
EVT,0.1646,2025-02-14,2025-02-14,2025-02-28,12,CD,USD
EXG,0.0657,2025-02-14,2025-02-14,2025-02-28,12,CD,USD
FBIZ,0.29,2025-02-14,2025-02-14,2025-02-28,4,CD,USD
FINS,0.109,2025-02-14,2025-02-14,2025-02-28,12,CD,USD
FRA,0.12384,2025-02-14,2025-02-14,2025-02-28,12,CD,USD
GBAB,0.12573,2025-02-14,2025-02-14,2025-02-28,12,CD,USD
GOF,0.1821,2025-02-14,2025-02-14,2025-02-28,12,CD,USD
GUG,0.11875,2025-02-14,2025-02-14,2025-02-28,12,CD,USD
HYT,0.0779,2025-02-14,2025-02-14,2025-02-28,12,CD,USD
IBOC,0.7,2025-02-14,2025-02-14,2025-02-28,2,CD,USD
IPOOF,0.015,2025-02-14,2025-02-14,2025-02-28,12,CD,CAD
JFR,0.085,2025-02-14,2025-02-14,2025-03-03,12,CD,USD
JGH,0.1035,2025-02-14,2025-02-14,2025-03-03,12,CD,USD
JLS,0.1535,2025-02-14,2025-02-14,2025-03-03,12,CD,USD
JMM,0.029,2025-02-14,2025-02-14,2025-03-03,12,CD,USD
JPC,0.0665,2025-02-14,2025-02-14,2025-03-03,12,CD,USD
JPI,0.166,2025-02-14,2025-02-14,2025-03-03,12,CD,USD
JQC,0.054,2025-02-14,2025-02-14,2025-03-03,12,CD,USD
JRI,0.1335,2025-02-14,2025-02-14,2025-03-03,12,CD,USD
KGS,0.41,2025-02-14,2025-02-14,2025-02-21,4,CD,USD
KYN,0.08,2025-02-14,2025-02-14,2025-02-28,12,CD,USD
LAKE,0.03,2025-02-14,2025-02-17,2025-02-24,4,CD,USD
MGY,0.15,2025-02-14,2025-02-14,2025-03-03,4,CD,USD
MHD,0.0595,2025-02-14,2025-02-14,2025-03-03,12,CD,USD
MHN,0.0515,2025-02-14,2025-02-14,2025-03-03,12,CD,USD
MIY,0.0545,2025-02-14,2025-02-14,2025-03-03,12,CD,USD
MMD,0.06,2025-02-14,2025-02-14,2025-02-28,12,CD,USD
MPA,0.066,2025-02-14,2025-02-14,2025-03-03,12,CD,USD
MQT,0.051,2025-02-14,2025-02-14,2025-03-03,12,CD,USD
MQY,0.058,2025-02-14,2025-02-14,2025-03-03,12,CD,USD
MUA,0.0555,2025-02-14,2025-02-14,2025-03-03,12,CD,USD
MUC,0.0535,2025-02-14,2025-02-14,2025-03-03,12,CD,USD
MUE,0.051,2025-02-14,2025-02-14,2025-03-03,12,CD,USD
MUI,0.055,2025-02-14,2025-02-14,2025-02-26,12,CD,USD
MUJ,0.054,2025-02-14,2025-02-14,2025-03-03,12,CD,USD
MVF,0.036,2025-02-14,2025-02-14,2025-03-03,12,CD,USD
MVT,0.054,2025-02-14,2025-02-14,2025-03-03,12,CD,USD
MYD,0.0545,2025-02-14,2025-02-14,2025-03-03,12,CD,USD
MYI,0.0555,2025-02-14,2025-02-14,2025-03-03,12,CD,USD
MYN,0.0512,2025-02-14,2025-02-14,2025-03-03,12,CD,USD
NAC,0.0735,2025-02-14,2025-02-14,2025-03-03,12,CD,USD
NAD,0.0755,2025-02-14,2025-02-14,2025-03-03,12,CD,USD
NAN,0.072,2025-02-14,2025-02-14,2025-03-03,12,CD,USD
NAZ,0.0725,2025-02-14,2025-02-14,2025-03-03,12,CD,USD
NBB,0.0965,2025-02-14,2025-02-14,2025-03-03,12,CD,USD
NCA,0.029,2025-02-14,2025-02-14,2025-03-03,12,CD,USD
NDMO,0.062,2025-02-14,2025-02-14,2025-03-03,12,CD,USD
NEA,0.073,2025-02-14,2025-02-14,2025-03-03,12,CD,USD
NIM,0.0275,2025-02-14,2025-02-14,2025-03-03,12,CD,USD
NKX,0.076,2025-02-14,2025-02-14,2025-03-03,12,CD,USD
NMCO,0.0685,2025-02-14,2025-02-14,2025-03-03,12,CD,USD
NMI,0.038,2025-02-14,2025-02-14,2025-03-03,12,CD,USD
NMS,0.0735,2025-02-14,2025-02-14,2025-03-03,12,CD,USD
NMT,0.071,2025-02-14,2025-02-14,2025-03-03,12,CD,USD
NMZ,0.0655,2025-02-14,2025-02-14,2025-03-03,12,CD,USD
NNY,0.0295,2025-02-14,2025-02-14,2025-03-03,12,CD,USD
NOM,0.0675,2025-02-14,2025-02-14,2025-03-03,12,CD,USD
NPCT,0.119,2025-02-14,2025-02-14,2025-03-03,12,CD,USD
NPFD,0.1675,2025-02-14,2025-02-14,2025-03-03,12,CD,USD
NPV,0.072,2025-02-14,2025-02-14,2025-03-03,12,CD,USD
NQP,0.078,2025-02-14,2025-02-14,2025-03-03,12,CD,USD
NRK,0.069,2025-02-14,2025-02-14,2025-03-03,12,CD,USD
NUV,0.0325,2025-02-14,2025-02-14,2025-03-03,12,CD,USD
NUW,0.0485,2025-02-14,2025-02-14,2025-03-03,12,CD,USD
NVG,0.079,2025-02-14,2025-02-14,2025-03-03,12,CD,USD
NXC,0.0455,2025-02-14,2025-02-14,2025-03-03,12,CD,USD
NXJ,0.0785,2025-02-14,2025-02-14,2025-03-03,12,CD,USD
NXN,0.042,2025-02-14,2025-02-14,2025-03-03,12,CD,USD
NXP,0.052,2025-02-14,2025-02-14,2025-03-03,12,CD,USD
NZF,0.0795,2025-02-14,2025-02-14,2025-03-03,12,CD,USD
PDCC,0.22,2025-02-14,2025-02-14,2025-02-28,12,CD,USD
PTRUF,0.01,2025-02-14,2025-02-14,2025-02-28,12,CD,CAD
SBRA,0.3,2025-02-14,2025-02-14,2025-02-28,4,CD,USD
SIEGY,2.690714,2025-02-14,2025-02-14,2025-02-25,1,CD,USD
SMP,0.29,2025-02-14,2025-02-14,2025-03-03,4,CD,USD
TTCFF,0.2222,2025-02-14,2025-02-17,2025-03-07,4,CD,THB
TTMMF,0.2222,2025-02-14,2025-02-17,2025-03-07,4,CD,THB
CIF,0.01462,2025-02-18,2025-02-18,2025-02-28,12,CD,USD
CIK,0.0225,2025-02-18,2025-02-18,2025-02-25,12,CD,USD
CMU,0.0145,2025-02-18,2025-02-18,2025-02-28,12,CD,USD
CXE,0.016,2025-02-18,2025-02-18,2025-02-28,12,CD,USD
CXH,0.0265,2025-02-18,2025-02-18,2025-02-28,12,CD,USD
DHY,0.0155,2025-02-18,2025-02-18,2025-02-25,12,CD,USD
DLX,0.3,2025-02-18,2025-02-18,2025-03-03,4,CD,USD
IIM,0.0771,2025-02-18,2025-02-18,2025-02-28,12,CD,USD
IQI,0.0631,2025-02-18,2025-02-18,2025-02-28,12,CD,USD
MCR,0.0449,2025-02-18,2025-02-18,2025-02-28,12,CD,USD
MFM,0.0215,2025-02-18,2025-02-18,2025-02-28,12,CD,USD
MGF,0.01918,2025-02-18,2025-02-18,2025-02-28,12,CD,USD
MIN,0.01958,2025-02-18,2025-02-18,2025-02-28,12,CD,USD
MMT,0.03344,2025-02-18,2025-02-18,2025-02-28,12,CD,USD
NHTC,0.2,2025-02-18,2025-02-18,2025-02-28,4,CD,USD
NXG,0.54,2025-02-18,2025-02-18,2025-02-28,12,CD,USD
OIA,0.0291,2025-02-18,2025-02-18,2025-02-28,12,CD,USD
SRV,0.45,2025-02-18,2025-02-18,2025-02-28,12,CD,USD
VBF,0.07,2025-02-18,2025-02-18,2025-02-28,12,CD,USD
VCV,0.0646,2025-02-18,2025-02-18,2025-02-28,12,CD,USD
VGM,0.0646,2025-02-18,2025-02-18,2025-02-28,12,CD,USD
VKI,0.0559,2025-02-18,2025-02-18,2025-02-28,12,CD,USD
VKQ,0.0628,2025-02-18,2025-02-18,2025-02-28,12,CD,USD
VLT,0.0964,2025-02-18,2025-02-18,2025-02-28,12,CD,USD
VMO,0.0625,2025-02-18,2025-02-18,2025-02-28,12,CD,USD
VPV,0.0667,2025-02-18,2025-02-18,2025-02-28,12,CD,USD
VTN,0.0685,2025-02-18,2025-02-18,2025-02-28,12,CD,USD
VVR,0.038,2025-02-18,2025-02-18,2025-02-28,12,CD,USD
XFLT,0.077,2025-02-18,2025-02-18,2025-03-03,12,CD,USD
DBL,0.11,2025-02-19,2025-02-19,2025-02-28,12,CD,USD
DLY,0.1167,2025-02-19,2025-02-19,2025-02-28,12,CD,USD
DSL,0.11,2025-02-19,2025-02-19,2025-02-28,12,CD,USD
FLNG,0.75,2025-02-20,2025-02-20,2025-03-05,4,CD,USD
WWD,0.28,2025-02-20,2025-02-20,2025-03-06,4,CD,USD
HFRO,0.0385,2025-02-21,2025-02-21,2025-02-28,12,CD,USD
PDM,0.125,2025-02-21,2025-02-21,2025-03-14,4,CD,USD
TMXXF,0.2,2025-02-21,2025-02-21,2025-03-07,4,CD,CAD
USLM,0.06,2025-02-21,2025-02-21,2025-03-14,4,CD,USD
FBAK,4,2025-02-28,2025-02-28,2025-03-17,4,CD,USD
PRDO,0.13,2025-02-28,2025-03-01,2025-03-13,4,CD,USD
WTS,0.43,2025-02-28,2025-02-28,2025-03-14,4,CD,USD
KFRC,0.39,2025-03-07,2025-03-07,2025-03-21,4,CD,USD
NSSC,0.125,2025-03-12,2025-03-12,2025-04-03,4,CD,USD
BKAAF,0.250438,2025-03-14,2025-03-14,2025-03-31,4,CD,CAD
BKEEF,0.3435,2025-03-14,2025-03-14,2025-03-31,4,CD,CAD
BKOFF,0.397438,2025-03-14,2025-03-14,2025-03-31,4,CD,CAD
BOPPF,0.382313,2025-03-14,2025-03-14,2025-03-31,4,CD,CAD
BRKFF,0.2835,2025-03-14,2025-03-14,2025-03-31,4,CD,CAD
BROAF,0.26875,2025-03-14,2025-03-14,2025-03-31,4,CD,CAD
BROPF,0.409125,2025-03-14,2025-03-14,2025-03-31,4,CD,CAD
BRPPF,0.294313,2025-03-14,2025-03-14,2025-03-31,4,CD,CAD
CSWC,0.06,2025-03-14,2025-03-14,2025-03-31,4,CD,USD
CSWC,0.58,2025-03-14,2025-03-14,2025-03-31,4,CD,USD
HCGI,0.02,2025-03-14,2025-03-14,2025-04-16,0,SC,USD
NXG,0.54,2025-03-17,2025-03-17,2025-03-31,12,CD,USD
PDCC,0.22,2025-03-17,2025-03-17,2025-03-31,12,CD,USD
SRV,0.45,2025-03-17,2025-03-17,2025-03-31,12,CD,USD
CAH,0.5056,2025-04-01,2025-04-01,2025-04-15,4,CD,USD
DTEGF,0.9,2025-04-11,2025-04-11,2025-04-14,1,CD,EUR
JBAXY,0.568368,2025-04-15,2025-04-15,2025-05-01,1,CD,USD
NXG,0.54,2025-04-15,2025-04-15,2025-04-30,12,CD,USD
SRV,0.45,2025-04-15,2025-04-15,2025-04-30,12,CD,USD
PDCC,0.22,2025-04-16,2025-04-16,2025-04-30,12,CD,USD
LPPSY,0.400213,2025-04-23,2025-04-23,2025-05-14,2,CD,USD
MKGAF,2.2,2025-04-29,2025-04-29,2025-04-30,1,CD,EUR
HENOF,1.85,2025-04-30,2025-04-30,2025-05-02,1,CD,EUR
MURGF,15,2025-05-05,2025-05-05,2025-05-06,1,CD,EUR
RWNFF,1.1,2025-05-05,2025-05-05,2025-05-06,1,CD,EUR
DPSTF,1.85,2025-05-06,2025-05-06,2025-05-07,1,CD,EUR
HVRRF,7.2,2025-05-09,2025-05-09,2025-05-12,1,CD,EUR
MBGAF,5.3,2025-05-09,2025-05-09,2025-05-12,1,CD,EUR
MTUAF,2.2,2025-05-12,2025-05-12,2025-05-13,1,CD,EUR
NXG,0.54,2025-05-15,2025-05-15,2025-05-30,12,CD,USD
RNMBF,5.7,2025-05-15,2025-05-15,2025-05-16,1,CD,EUR
SAPGF,2.2,2025-05-15,2025-05-15,2025-05-16,1,CD,EUR
SRV,0.45,2025-05-15,2025-05-15,2025-05-30,12,CD,USD
ENAKF,0.51,2025-05-19,2025-05-19,2025-05-20,1,CD,EUR
HLBZF,3,2025-05-19,2025-05-19,2025-05-20,1,CD,EUR
VLKPF,9.06,2025-05-20,2025-05-20,2025-05-21,1,CD,EUR
SYIEF,1.1,2025-05-22,2025-05-22,2025-05-23,1,CD,EUR
DRPRF,2.31,2025-05-23,2025-05-23,2025-05-26,1,CD,EUR
VNNVF,0.9,2025-05-30,2025-05-30,2025-06-02,1,CD,EUR
TETHF,0.01,2025-02-10,2025-02-10,2025-02-20,0,SC,USD
KPLIF,0.0125,2025-02-11,2025-02-11,2025-02-18,4,CD,SGD
SHBI,0.12,2025-02-13,2025-02-13,2025-02-27,4,CD,USD
APAM,0.5,2025-02-14,2025-02-14,2025-02-28,1,CD,USD
APAM,0.84,2025-02-14,2025-02-14,2025-02-28,4,CD,USD
ATEN,0.06,2025-02-14,2025-02-14,2025-03-03,4,CD,USD
BEVFF,0.02083,2025-02-14,2025-02-14,2025-02-28,12,CD,CAD
BPOPM,0.127604,2025-02-14,2025-02-15,2025-03-03,12,CD,USD
BPOPO,0.132813,2025-02-14,2025-02-15,2025-02-28,12,CD,USD
DLNGPRB,0.677286319,2025-02-14,2025-02-14,2025-02-24,4,CD,USD
JPEEF,0.005,2025-02-14,2025-02-14,2025-03-14,1,CD,GBP
KKR,0.175,2025-02-14,2025-02-14,2025-02-28,4,CD,USD
MBLU,0.12,2025-02-14,2025-02-15,2025-03-14,4,CD,USD
MBLU,0.15,2025-02-14,2025-02-15,2025-03-21,0,SC,USD
MMM,0.73,2025-02-14,2025-02-14,2025-03-12,4,CD,USD
MSBI,0.31,2025-02-14,2025-02-14,2025-02-21,4,CD,USD
OTTR,0.525,2025-02-14,2025-02-14,2025-03-10,4,CD,USD
ADM,0.51,2025-02-18,2025-02-18,2025-03-11,4,CD,USD
APO,0.4625,2025-02-18,2025-02-18,2025-02-28,4,CD,USD
CABO,2.95,2025-02-18,2025-02-18,2025-03-07,4,CD,USD
DHT,0.17,2025-02-18,2025-02-18,2025-02-25,4,CD,USD
HRI,0.7,2025-02-18,2025-02-18,2025-03-04,4,CD,USD
PRU,1.35,2025-02-18,2025-02-18,2025-03-13,4,CD,USD
SPB,0.47,2025-02-18,2025-02-18,2025-03-11,4,CD,USD
XYL,0.4,2025-02-18,2025-02-18,2025-03-19,4,CD,USD
CHKR,0.0109,2025-02-19,2025-02-19,2025-03-03,4,CD,USD
DMB,0.03,2025-02-19,2025-02-19,2025-03-03,12,CD,USD
LARK,0.21,2025-02-19,2025-02-19,2025-03-05,4,CD,USD
PBCO,0.229,2025-02-19,2025-02-19,2025-03-05,1,CD,USD
POWL,0.2675,2025-02-19,2025-02-19,2025-03-19,4,CD,USD
DBXXF,0.3735,2025-02-20,2025-02-20,2025-03-06,0,CD,EUR
FINGF,0.275,2025-02-20,2025-02-20,2025-03-06,4,CD,CAD
REGN,0.88,2025-02-20,2025-02-20,2025-03-20,0,CD,USD
XTRSF,2.2524,2025-02-20,2025-02-20,2025-03-06,2,CD,USD
XTRTF,0.2273,2025-02-20,2025-02-20,2025-03-06,0,CD,USD
XTTXF,0.2025,2025-02-20,2025-02-20,2025-03-06,0,CD,USD
XUFNF,0.2242,2025-02-20,2025-02-20,2025-03-06,0,CD,USD
XUTDF,1.553,2025-02-20,2025-02-20,2025-03-06,4,CD,USD
ACT,0.185,2025-02-21,2025-02-21,2025-03-14,4,CD,USD
HCI,0.4,2025-02-21,2025-02-21,2025-03-21,4,CD,USD
ENDTF,0.1,2025-02-24,2025-02-24,2025-03-14,12,CD,CAD
ATO,0.87,2025-02-25,2025-02-25,2025-03-10,4,CD,USD
AMCR,0.1275,2025-02-26,2025-02-26,2025-03-18,4,CD,USD
EA,0.19,2025-02-26,2025-02-26,2025-03-19,4,CD,USD
AFSIC,0.476563,2025-02-28,2025-03-01,2025-03-17,4,CD,USD
AFSIM,0.484375,2025-02-28,2025-03-01,2025-03-17,4,CD,USD
AFSIN,0.434375,2025-02-28,2025-03-01,2025-03-17,4,CD,USD
AFSIP,0.46875,2025-02-28,2025-03-01,2025-03-17,4,CD,USD
CCORF,0.085,2025-02-28,2025-02-28,2025-03-13,4,CD,CAD
CTGSP,0.0625,2025-02-28,2025-02-28,2025-03-28,4,CD,USD
DGEAF,0.405,2025-02-28,2025-02-28,2025-04-24,2,CD,USD
EL,0.35,2025-02-28,2025-02-28,2025-03-17,4,CD,USD
FDS,1.04,2025-02-28,2025-02-28,2025-03-20,4,CD,USD
GBDC,0.39,2025-03-03,2025-03-03,2025-03-28,4,CD,USD
JNPR,0.22,2025-03-03,2025-03-03,2025-03-24,4,CD,USD
FOX,0.27,2025-03-05,2025-03-05,2025-03-26,2,CD,USD
FOXA,0.27,2025-03-05,2025-03-05,2025-03-26,2,CD,USD
PAHC,0.12,2025-03-05,2025-03-05,2025-03-26,4,CD,USD
PJT,0.25,2025-03-05,2025-03-05,2025-03-19,4,CD,USD
AAT,0.34,2025-03-06,2025-03-06,2025-03-20,4,CD,USD
LAUCF,0.38725,2025-03-07,2025-03-07,2025-03-15,4,CD,CAD
COLM,0.3,2025-03-10,2025-03-10,2025-03-21,4,CD,USD
GOOG,0.2,2025-03-10,2025-03-10,2025-03-17,4,CD,USD
GOOGL,0.2,2025-03-10,2025-03-10,2025-03-17,4,CD,USD
SPG,2.1,2025-03-10,2025-03-10,2025-03-31,4,CD,USD
GAMI,0.08,2025-03-11,2025-03-11,2025-03-25,4,CD,USD
BR,0.88,2025-03-13,2025-03-13,2025-04-03,4,CD,USD
GPK,0.11,2025-03-14,2025-03-15,2025-04-05,4,CD,USD
HLNE,0.49,2025-03-14,2025-03-14,2025-04-04,4,CD,USD
UTMD,0.305,2025-03-14,2025-03-14,2025-04-03,4,CD,USD
MSBIP,0.4844,2025-03-17,2025-03-17,2025-03-31,4,CD,USD
OCSL,0.07,2025-03-17,2025-03-17,2025-03-31,0,SC,USD
OCSL,0.4,2025-03-17,2025-03-17,2025-03-31,4,CD,USD
SPGPRJ,1.046875,2025-03-17,2025-03-17,2025-03-31,4,CD,USD
WU,0.235,2025-03-17,2025-03-17,2025-03-31,4,CD,USD
AXFOY,0.410041,2025-03-21,2025-03-21,2025-04-10,2,CD,USD
NWFFF,0.01,2025-03-21,2025-03-21,2025-05-01,2,CD,GBP
DSDVF,7,2025-03-24,2025-03-24,2025-03-25,1,CD,DKK
SWDBY,1.977311,2025-03-28,2025-03-28,2025-04-14,1,CD,USD
BEN,0.32,2025-03-31,2025-03-31,2025-04-11,4,CD,USD
DOX,0.527,2025-03-31,2025-03-31,2025-04-25,4,CD,USD
FSV,0.275,2025-03-31,2025-03-31,2025-04-07,4,CD,USD
NYT,0.18,2025-04-01,2025-04-01,2025-04-17,4,CD,USD
MTCH,0.19,2025-04-03,2025-04-03,2025-04-17,4,CD,USD
APOPRA,0.8438,2025-04-15,2025-04-15,2025-04-30,4,CD,USD
JBARF,2.6,2025-04-15,2025-04-15,2025-04-16,1,CD,CHF
UBS,0.45,2025-04-16,2025-04-16,2025-04-17,1,CD,USD
HOCFF,4.4,2025-05-02,2025-05-02,2025-05-05,1,CD,EUR
KNBHF,1.64,2025-05-05,2025-05-05,2025-05-06,1,CD,EUR
UCPLF,0.3,2025-05-05,2025-05-05,2025-05-15,4,CD,CAD
DLAKF,0.3,2025-05-08,2025-05-08,2025-05-09,1,CD,EUR
FUPPF,1.11,2025-05-09,2025-05-09,2025-05-12,1,CD,EUR
SSLLF,1.2,2025-05-14,2025-05-14,2025-05-15,1,CD,EUR
FRTAF,1.77,2025-05-15,2025-05-15,2025-05-16,1,CD,EUR
BFLBF,1.8,2025-05-16,2025-05-16,2025-05-19,1,CD,EUR
KPLUF,0.7,2025-05-16,2025-05-16,2025-05-19,1,CD,EUR
RTLLF,13.5,2025-05-16,2025-05-16,2025-05-19,1,CD,EUR
AIXXF,0.4,2025-05-19,2025-05-19,2025-05-20,1,CD,EUR
HUGPF,1.35,2025-05-19,2025-05-19,2025-05-20,1,CD,EUR
HLKHF,0.71,2025-05-20,2025-05-20,2025-05-21,1,CD,EUR
BLRDF,3.5,2025-05-22,2025-05-22,2025-05-27,1,CD,SEK
JGHAF,0.75,2025-05-22,2025-05-22,2025-05-23,1,CD,EUR
NEMTF,0.48,2025-05-22,2025-05-22,2025-05-23,1,CD,EUR
CEVMF,1.43,2025-05-23,2025-05-23,2025-05-26,1,CD,EUR
FMCQF,1.19,2025-05-23,2025-05-26,2025-05-27,1,CD,EUR
LEGIF,2.45,2025-05-23,2025-05-30,2025-05-27,1,CD,EUR
LNXSF,0.1,2025-05-23,2025-05-26,2025-05-27,1,CD,EUR
PMMAF,0.82,2025-05-23,2025-05-23,2025-05-26,1,CD,EUR
BHTLF,0.7,2025-05-29,2025-05-29,2025-05-30,1,CD,EUR
HNSDF,0.4,2025-05-29,2025-05-29,2025-05-30,1,CD,EUR
KNNGF,0.7,2025-05-29,2025-05-29,2025-05-30,1,CD,EUR
KRNNF,2.2,2025-05-29,2025-05-29,2025-05-30,1,CD,EUR
EVKIF,1.17,2025-05-30,2025-05-30,2025-06-02,1,CD,EUR
OMVJF,1.7,2025-06-05,2025-06-05,2025-06-10,0,SC,EUR
GRRMF,1.25,2025-06-09,2025-06-09,2025-06-10,1,CD,EUR
SCOTF,1.2,2025-06-09,2025-06-09,2025-06-10,1,CD,EUR
BFSAF,0.73,2025-06-23,2025-06-23,2025-06-24,1,CD,EUR
CPAMF,0.0316,2025-02-13,2025-02-13,2025-03-21,4,CD,SGD
PRKWF,0.0177,2025-02-13,2025-02-13,2025-03-11,0,SC,SGD
SSTMF,0.091,2025-02-13,2025-02-13,2025-02-26,2,CD,SGD
COR,0.55,2025-02-14,2025-02-14,2025-03-03,4,CD,USD
EMR,0.5275,2025-02-14,2025-02-14,2025-03-10,4,CD,USD
ESGRO,0.4375,2025-02-14,2025-02-15,2025-03-03,4,CD,USD
ESGRP,0.4375,2025-02-14,2025-02-15,2025-03-03,4,CD,USD
HSY,1.37,2025-02-14,2025-02-17,2025-03-14,4,CD,USD
PIFYF,0.005,2025-02-14,2025-02-14,2025-02-28,12,CD,CAD
RAMPF,0.15,2025-02-14,2025-02-17,2025-02-28,4,CD,USD
SIRZF,0.095,2025-02-14,2025-02-14,2025-02-28,12,CD,CAD
TECH,0.08,2025-02-14,2025-02-17,2025-02-28,4,CD,USD
TWIN,0.04,2025-02-14,2025-02-17,2025-03-03,4,CD,USD
WAL,0.38,2025-02-14,2025-02-14,2025-02-28,4,CD,USD
AATC,0.15,2025-02-18,2025-02-18,2025-02-25,4,CD,USD
ALX,4.5,2025-02-18,2025-02-18,2025-02-28,4,CD,USD
BSM,0.375,2025-02-18,2025-02-18,2025-02-25,4,CD,USD
CTSH,0.31,2025-02-18,2025-02-18,2025-02-26,4,CD,USD
F,0.15,2025-02-18,2025-02-18,2025-03-03,4,CD,USD
GCHOY,0.270357,2025-02-18,2025-02-18,2025-02-25,0,SC,USD
GNE,0.075,2025-02-18,2025-02-18,2025-02-26,4,CD,USD
HNW,0.1,2025-02-18,2025-02-18,2025-02-28,12,CD,USD
JRSH,0.05,2025-02-18,2025-02-18,2025-02-25,4,CD,USD
KMPR,0.32,2025-02-18,2025-02-18,2025-03-04,4,CD,USD
MAV,0.0325,2025-02-18,2025-02-18,2025-02-28,12,CD,USD
MC,0.65,2025-02-18,2025-02-18,2025-03-27,4,CD,USD
MHI,0.035,2025-02-18,2025-02-18,2025-02-28,12,CD,USD
MIO,0.05,2025-02-18,2025-02-18,2025-02-28,12,CD,USD
NRP,0.75,2025-02-18,2025-02-18,2025-02-25,4,CD,USD
PFLT,0.1025,2025-02-18,2025-02-18,2025-03-03,12,CD,USD
PHD,0.075,2025-02-18,2025-02-18,2025-02-28,12,CD,USD
PHT,0.055,2025-02-18,2025-02-18,2025-02-28,12,CD,USD
PNNT,0.08,2025-02-18,2025-02-18,2025-03-03,12,CD,USD
ROK,1.31,2025-02-18,2025-02-18,2025-03-10,4,CD,USD
SGA,0.25,2025-02-18,2025-02-18,2025-03-07,4,CD,USD
UPS,1.64,2025-02-18,2025-02-18,2025-03-06,4,CD,USD
WMK,0.34,2025-02-18,2025-02-18,2025-03-04,4,CD,USD
OLYFF,0.6,2025-02-19,2025-02-19,2025-02-28,12,CD,CAD
RM,0.3,2025-02-20,2025-02-20,2025-03-13,4,CD,USD
EFX,0.39,2025-02-21,2025-02-21,2025-03-14,4,CD,USD
GSK,0.400652,2025-02-21,2025-02-21,2025-04-10,4,CD,USD
LUCK,0.055,2025-02-21,2025-02-21,2025-03-07,4,CD,USD
WFRD,0.25,2025-02-21,2025-02-21,2025-03-19,4,CD,USD
SWKS,0.7,2025-02-24,2025-02-24,2025-03-17,4,CD,USD
CDW,0.625,2025-02-25,2025-02-25,2025-03-11,4,CD,USD
CNXN,0.15,2025-02-25,2025-02-25,2025-03-14,4,CD,USD
GFF,0.18,2025-02-25,2025-02-25,2025-03-18,4,CD,USD
TENPRE,0.578125,2025-02-25,2025-02-25,2025-02-28,4,CD,USD
CCS,0.29,2025-02-26,2025-02-26,2025-03-12,4,CD,USD
CDNIF,1.53,2025-02-26,2025-02-26,2025-02-27,2,CD,EUR
AFSIA,0.421875,2025-02-28,2025-03-01,2025-03-17,4,CD,USD
AFSIB,0.453125,2025-02-28,2025-03-01,2025-03-17,4,CD,USD
AMIVF,0.0775,2025-02-28,2025-02-28,2025-03-12,12,CD,CAD
EVR,0.8,2025-02-28,2025-02-28,2025-03-14,4,CD,USD
RNRPRF,0.359400004,2025-02-28,2025-02-28,2025-03-03,4,CD,USD
BWA,0.11,2025-03-03,2025-03-03,2025-03-17,4,CD,USD
GRWLF,0.30313,2025-03-03,2025-03-03,2025-03-31,4,CD,CAD
GRWTF,0.28125,2025-03-03,2025-03-03,2025-03-31,4,CD,CAD
GWLIF,0.61,2025-03-03,2025-03-03,2025-03-31,4,CD,CAD
GWLPF,0.325,2025-03-03,2025-03-03,2025-03-31,4,CD,CAD
LFVN,0.04,2025-03-03,2025-03-03,2025-03-17,4,CD,USD
PTEN,0.08,2025-03-03,2025-03-03,2025-03-17,4,CD,USD
SU,0.57,2025-03-04,2025-03-04,2025-03-25,4,CD,CAD
ODFL,0.28,2025-03-05,2025-03-05,2025-03-19,4,CD,USD
PVH,0.0375,2025-03-05,2025-03-05,2025-03-26,4,CD,USD
OTEX,0.2625,2025-03-07,2025-03-07,2025-03-21,4,CD,USD
PEP,1.355,2025-03-07,2025-03-07,2025-03-31,4,CD,USD
LUV,0.18,2025-03-12,2025-03-12,2025-04-02,4,CD,USD
NWS,0.1,2025-03-12,2025-03-12,2025-04-09,2,CD,USD
NWSA,0.1,2025-03-12,2025-03-12,2025-04-09,2,CD,USD
ARCC,0.48,2025-03-14,2025-03-14,2025-03-31,4,CD,USD
ARESPRB,0.84375,2025-03-14,2025-03-15,2025-04-01,4,CD,USD
ENS,0.24,2025-03-14,2025-03-14,2025-03-28,4,CD,USD
PNDZF,20,2025-03-14,2025-03-14,2025-03-17,1,CD,DKK
RNR,0.4,2025-03-14,2025-03-14,2025-03-31,4,CD,USD
WALPRA,0.2656,2025-03-14,2025-03-15,2025-03-30,4,CD,USD
ARES,1.12,2025-03-17,2025-03-17,2025-03-31,4,CD,USD
REXRPRB,0.367188,2025-03-17,2025-03-17,2025-03-31,4,CD,USD
REXRPRC,0.351563,2025-03-17,2025-03-17,2025-03-31,4,CD,USD
RYN,0.2725,2025-03-17,2025-03-17,2025-03-31,4,CD,USD
UGI,0.375,2025-03-17,2025-03-17,2025-04-01,4,CD,USD
WRTBF,0.22,2025-03-17,2025-03-17,2025-03-24,2,CD,EUR
PHM,0.22,2025-03-18,2025-03-18,2025-04-02,4,CD,USD
CSGS,0.32,2025-03-19,2025-03-19,2025-04-02,4,CD,USD
KKOAF,0.23,2025-03-26,2025-03-26,2025-04-02,4,CD,EUR
KKOYF,0.23,2025-03-26,2025-03-26,2025-04-02,4,CD,EUR
CW,0.21,2025-03-27,2025-03-27,2025-04-14,4,CD,USD
TRNO,0.49,2025-03-27,2025-03-27,2025-04-04,4,CD,USD
HLUBF,0.95,2025-03-28,2025-03-28,2025-03-31,1,CD,DKK
SVNLF,7.5,2025-03-28,2025-03-28,2025-04-02,1,CD,SEK
ADWPF,0.0615,2025-03-31,2025-03-31,2025-04-11,4,CD,CAD
AVB,1.75,2025-03-31,2025-03-31,2025-04-15,4,CD,USD
FR,0.445,2025-03-31,2025-03-31,2025-04-21,4,CD,USD
NVO,1.099206,2025-03-31,2025-03-31,2025-04-08,2,CD,USD
REXR,0.43,2025-03-31,2025-03-31,2025-04-15,4,CD,USD
SYK,0.84,2025-03-31,2025-03-31,2025-04-30,4,CD,USD
UPMKF,0.75,2025-03-31,2025-03-31,2025-04-08,2,CD,EUR
WWW,0.1,2025-04-01,2025-04-01,2025-05-01,4,CD,USD
RSG,0.58,2025-04-02,2025-04-02,2025-04-15,4,CD,USD
IDTRY,0.137554,2025-04-07,2025-04-07,2025-04-25,1,CD,USD
UVV,0.81,2025-04-14,2025-04-14,2025-05-05,4,CD,USD
SPMA,0.16667,2025-04-15,2025-04-15,2025-04-30,12,CD,USD
SPMC,0.25,2025-04-15,2025-04-15,2025-04-30,12,CD,USD
ASAZF,2.95,2025-04-25,2025-04-25,2025-04-30,2,CD,SEK
KPELF,0.19,2025-04-29,2025-04-29,2025-05-09,2,CD,SGD
KPELY,0.281606,2025-04-29,2025-04-29,2025-05-16,2,CD,USD
LFCBY,0.110073,2025-04-29,2025-04-29,2025-05-19,1,CD,USD
DNBBF,16.75,2025-05-02,2025-05-02,2025-05-09,1,CD,NOK
HUQVF,0.5,2025-05-02,2025-05-02,2025-05-07,2,CD,SEK
HUSQF,0.5,2025-05-02,2025-05-02,2025-05-07,2,CD,SEK
HMNTY,0.155894,2025-05-08,2025-05-08,2025-05-28,1,CD,USD
ARHUF,5,2025-05-12,2025-05-12,2025-05-15,1,CD,SEK
SPMA,0.16667,2025-05-15,2025-05-15,2025-05-30,12,CD,USD
SPMC,0.25,2025-05-15,2025-05-15,2025-05-30,12,CD,USD
ELTTF,0.85,2025-05-16,2025-05-16,2025-05-19,1,CD,EUR
SLTCY,0.020836,2025-05-16,2025-05-16,2025-06-03,1,CD,USD
VALIF,5.8,2025-05-19,2025-05-19,2025-05-20,1,CD,CHF
MLXSF,2.4,2025-05-21,2025-05-21,2025-05-22,2,CD,EUR
SMTGF,0.5,2025-05-29,2025-05-29,2025-05-30,1,CD,EUR
CCCMF,1,2025-06-06,2025-06-06,2025-06-09,1,CD,EUR
SESMF,0.2,2025-06-12,2025-06-12,2025-06-13,1,CD,EUR
SPMA,0.16667,2025-06-13,2025-06-13,2025-06-30,12,CD,USD
SPMC,0.25,2025-06-13,2025-06-13,2025-06-30,12,CD,USD
JNPKF,0.35,2025-06-16,2025-06-16,2025-06-17,1,CD,EUR
NGRRF,1.92,2025-06-30,2025-06-30,2025-07-01,1,CD,EUR
KKOAF,0.22,2025-07-15,2025-07-15,2025-07-22,4,CD,EUR
KKOYF,0.22,2025-07-15,2025-07-15,2025-07-22,4,CD,EUR
WRTBF,0.22,2025-09-17,2025-09-17,2025-09-24,2,CD,EUR
KKOAF,0.23,2025-10-14,2025-10-14,2025-10-21,4,CD,EUR
KKOYF,0.23,2025-10-14,2025-10-14,2025-10-21,4,CD,EUR
HUQVF,0.5,2025-10-31,2025-10-31,2025-11-05,2,CD,SEK
HUSQF,0.5,2025-10-31,2025-10-31,2025-11-05,2,CD,SEK
UPMKF,0.75,2025-10-31,2025-10-31,2025-11-07,2,CD,EUR
ASAZF,2.95,2025-11-11,2025-11-11,2025-11-14,2,CD,SEK
KKOAF,0.22,2026-01-13,2026-01-13,2026-01-20,4,CD,EUR
KKOYF,0.22,2026-01-13,2026-01-13,2026-01-20,4,CD,EUR
ACDSF,0.06652,2025-02-14,2025-02-14,2025-03-11,2,CD,SGD
CLDHF,0.0264,2025-02-14,2025-02-14,2025-03-27,2,CD,SGD
CMS,0.5425,2025-02-14,2025-02-17,2025-02-28,4,CD,USD
COP,0.78,2025-02-14,2025-02-17,2025-03-03,4,CD,USD
DTNOF,0.3125,2025-02-14,2025-02-14,2025-02-21,4,CD,NOK
EMSBF,0.3841,2025-02-14,2025-02-14,2025-03-07,12,CD,GBP
ICBGF,0.092,2025-02-14,2025-02-14,2025-02-26,2,CD,GBP
INTR,0.08,2025-02-14,2025-02-17,2025-02-26,1,CD,USD
IVIPF,0.3373,2025-02-14,2025-02-14,2025-02-26,12,CD,EUR
JPGEF,0.1498,2025-02-14,2025-02-14,2025-03-07,12,CD,USD
JPUHF,0.3889,2025-02-14,2025-02-14,2025-03-07,12,CD,USD
PFX,1.43,2025-02-14,2025-02-17,2025-02-18,0,SC,USD
SPXCF,0.09,2025-02-14,2025-02-14,2025-02-21,4,CD,SGD
VFUCF,0.181774,2025-02-14,2025-02-14,2025-02-26,12,CD,USD
VGFUF,0.198065,2025-02-14,2025-02-14,2025-02-26,12,CD,USD
VNGCF,0.178919,2025-02-14,2025-02-14,2025-02-26,12,CD,USD
VPLCF,0.067284,2025-02-14,2025-02-14,2025-02-26,12,CD,USD
AB,1.05,2025-02-18,2025-02-18,2025-03-13,4,CD,USD
AMG,0.01,2025-02-18,2025-02-18,2025-03-04,4,CD,USD
AWR,0.4655,2025-02-18,2025-02-18,2025-03-03,4,CD,USD
DTNOY,0.27754,2025-02-18,2025-02-18,2025-03-10,4,CD,USD
EQT,0.1575,2025-02-18,2025-02-18,2025-03-03,4,CD,USD
F,0.15,2025-02-18,2025-02-18,2025-03-03,0,SC,USD
NATH,0.5,2025-02-18,2025-02-18,2025-02-28,4,CD,USD
NBN,0.01,2025-02-18,2025-02-18,2025-03-04,4,CD,USD
PATK,0.4,2025-02-18,2025-02-18,2025-03-03,4,CD,USD
RGA,0.89,2025-02-18,2025-02-18,2025-03-04,4,CD,USD
SGC,0.14,2025-02-18,2025-02-18,2025-02-28,4,CD,USD
SPXCY,0.133018,2025-02-18,2025-02-18,2025-03-10,4,CD,USD
VCTR,0.47,2025-02-18,2025-02-18,2025-03-10,4,CD,USD
BTU,0.075,2025-02-19,2025-02-19,2025-03-11,4,CD,USD
FTCO,0.04,2025-02-19,2025-02-19,2025-02-28,12,CD,USD
MKTX,0.76,2025-02-19,2025-02-19,2025-03-05,4,CD,USD
OWL,0.18,2025-02-19,2025-02-19,2025-02-28,4,CD,USD
GTMEF,25,2025-02-20,2025-02-20,2025-03-07,4,CD,PHP
SBSI,0.36,2025-02-20,2025-02-20,2025-03-06,4,CD,USD
SHNUF,6.54,2025-02-20,2025-02-20,2025-03-04,0,SC,THB
SHNVF,6.54,2025-02-20,2025-02-20,2025-03-05,0,SC,THB
TRI,0.595,2025-02-20,2025-02-20,2025-03-10,4,CD,USD
ADCPRA,0.08854,2025-02-21,2025-02-21,2025-03-03,12,CD,USD
AOMR,0.32,2025-02-21,2025-02-21,2025-02-28,4,CD,USD
AZN,1.05,2025-02-21,2025-02-21,2025-03-24,2,CD,USD
AZNCF,1.68,2025-02-21,2025-02-21,2025-03-24,2,CD,GBP
BATMF,0.15,2025-02-21,2025-02-21,2025-03-06,4,CD,MYR
HLT,0.15,2025-02-21,2025-02-21,2025-03-28,4,CD,USD
YUM,0.71,2025-02-21,2025-02-21,2025-03-07,4,CD,USD
MCHP,0.455,2025-02-24,2025-02-24,2025-03-07,4,CD,USD
DAL,0.15,2025-02-27,2025-02-27,2025-03-20,4,CD,USD
ADC,0.253,2025-02-28,2025-02-28,2025-03-14,12,CD,USD
EMBC,0.15,2025-02-28,2025-02-28,2025-03-14,4,CD,USD
KLG,0.165,2025-02-28,2025-02-28,2025-03-14,4,CD,USD
POWI,0.21,2025-02-28,2025-02-28,2025-03-31,4,CD,USD
STEP,0.24,2025-02-28,2025-02-28,2025-03-14,4,CD,USD
SYZLF,0.01,2025-02-28,2025-02-28,2025-03-12,4,CD,CAD
UNP,1.34,2025-02-28,2025-02-28,2025-03-31,4,CD,USD
WMS,0.16,2025-02-28,2025-02-28,2025-03-14,4,CD,USD
MCD,1.77,2025-03-03,2025-03-03,2025-03-17,4,CD,USD
NGVC,0.12,2025-03-03,2025-03-03,2025-03-19,4,CD,USD
TW,0.12,2025-03-03,2025-03-03,2025-03-17,4,CD,USD
ULH,0.105,2025-03-03,2025-03-03,2025-04-01,4,CD,USD
HRB,0.375,2025-03-04,2025-03-04,2025-04-03,4,CD,USD
SAPIF,0.19,2025-03-04,2025-03-04,2025-03-14,4,CD,CAD
LRCX,0.23,2025-03-05,2025-03-05,2025-04-09,4,CD,USD
RPGRY,0.172425,2025-03-05,2025-03-05,2025-04-02,2,CD,USD
DNB,0.05,2025-03-06,2025-03-06,2025-03-20,4,CD,USD
EXPE,0.4,2025-03-06,2025-03-06,2025-03-27,4,CD,USD
ITT,0.351,2025-03-06,2025-03-06,2025-03-31,4,CD,USD
TPR,0.35,2025-03-06,2025-03-06,2025-03-24,4,CD,USD
YUMC,0.24,2025-03-06,2025-03-06,2025-03-27,4,CD,USD
BBD,0.003277,2025-03-07,2025-03-07,2025-04-11,12,CD,USD
BBDO,0.002979,2025-03-07,2025-03-07,2025-04-11,12,CD,USD
CHRW,0.62,2025-03-07,2025-03-07,2025-04-01,4,CD,USD
CME,1.25,2025-03-07,2025-03-07,2025-03-26,4,CD,USD
EXPO,0.3,2025-03-07,2025-03-07,2025-03-21,4,CD,USD
TEX,0.17,2025-03-07,2025-03-07,2025-03-19,4,CD,USD
UVE,0.16,2025-03-07,2025-03-07,2025-03-14,4,CD,USD
OC,0.69,2025-03-10,2025-03-10,2025-04-10,4,CD,USD
G,0.17,2025-03-11,2025-03-11,2025-03-26,4,CD,USD
PFG,0.75,2025-03-12,2025-03-12,2025-03-28,4,CD,USD
REG,0.705,2025-03-12,2025-03-12,2025-04-02,4,CD,USD
PINE,0.285,2025-03-13,2025-03-13,2025-03-31,4,CD,USD
AAMI,0.01,2025-03-14,2025-03-14,2025-03-28,4,CD,USD
ALLE,0.51,2025-03-14,2025-03-14,2025-03-31,4,CD,USD
BCE,0.9975,2025-03-14,2025-03-14,2025-04-15,4,CD,CAD
FKRAF,0.42,2025-03-14,2025-03-14,2025-03-21,2,CD,EUR
DTE,1.09,2025-03-17,2025-03-17,2025-04-15,4,CD,USD
EXP,0.25,2025-03-17,2025-03-17,2025-04-14,4,CD,USD
ICE,0.48,2025-03-17,2025-03-17,2025-03-31,4,CD,USD
VNOPRL,0.3375,2025-03-17,2025-03-17,2025-04-01,4,CD,USD
VNOPRM,0.328125,2025-03-17,2025-03-17,2025-04-01,4,CD,USD
VNOPRN,0.328125,2025-03-17,2025-03-17,2025-04-01,4,CD,USD
VNOPRO,0.278125,2025-03-17,2025-03-17,2025-04-01,4,CD,USD
VNORP,0.8125,2025-03-17,2025-03-17,2025-04-01,4,CD,USD
WRTBY,0.045579,2025-03-17,2025-03-17,2025-04-08,2,CD,USD
CABHF,27,2025-03-19,2025-03-19,2025-03-20,1,CD,DKK
DATWY,1.766784,2025-03-21,2025-03-21,2025-04-07,1,CD,USD
DTWHF,3.2,2025-03-21,2025-03-21,2025-03-24,1,CD,CHF
SWPRF,1.725,2025-03-24,2025-03-24,2025-03-25,1,CD,CHF
CTS,0.04,2025-03-28,2025-03-28,2025-04-25,4,CD,USD
ELS,0.515,2025-03-28,2025-03-28,2025-04-11,4,CD,USD
RSGUF,0.09,2025-03-28,2025-03-28,2025-04-16,4,CD,CAD
CPT,1.05,2025-03-31,2025-03-31,2025-04-17,4,CD,USD
IGIFF,0.5625,2025-03-31,2025-03-31,2025-04-30,4,CD,CAD
MPWR,1.56,2025-03-31,2025-03-31,2025-04-15,4,CD,USD
ESE,0.08,2025-04-02,2025-04-02,2025-04-17,4,CD,USD
LOAN,0.115,2025-04-08,2025-04-08,2025-04-15,4,CD,USD
IDCC,0.6,2025-04-09,2025-04-09,2025-04-23,4,CD,USD
BDRXF,0.390625,2025-04-15,2025-04-15,2025-04-30,4,CD,CAD
BOMBF,0.28675,2025-04-15,2025-04-15,2025-04-30,4,CD,CAD
REGCO,0.3672,2025-04-15,2025-04-15,2025-04-30,4,CD,USD
REGCP,0.390625,2025-04-15,2025-04-15,2025-04-30,4,CD,USD
ZTS,0.5,2025-04-21,2025-04-21,2025-06-03,4,CD,USD
APA,0.25,2025-04-22,2025-04-22,2025-05-22,4,CD,USD
SAXPF,1.7,2025-04-25,2025-04-25,2025-05-06,1,CD,EUR
BFAAF,5.25,2025-04-28,2025-04-28,2025-05-02,1,CD,SEK
CSMHF,1,2025-04-29,2025-04-29,2025-05-05,1,CD,SEK
WLNTF,0.25,2025-05-02,2025-05-02,2025-05-07,2,CD,SEK
MICLF,2,2025-05-09,2025-05-09,2025-05-14,1,CD,SEK
MICLF,5.5,2025-05-09,2025-05-09,2025-05-14,1,CD,SEK
SCTBF,2.25,2025-05-12,2025-05-12,2025-05-15,2,CD,SEK
PRXXF,3,2025-05-16,2025-05-16,2025-05-21,1,CD,SEK
PRXXF,2,2025-05-16,2025-05-16,2025-05-21,1,CD,SEK
FNBKY,1.535204,2025-05-20,2025-05-20,2025-06-05,1,CD,USD
TELNF,5,2025-05-23,2025-05-23,2025-06-03,2,CD,NOK
ALLDF,0.37,2025-05-27,2025-05-27,2025-05-28,1,CD,EUR
SCGLF,1.09,2025-05-27,2025-05-27,2025-05-28,1,CD,EUR
TMUS,0.88,2025-05-30,2025-05-30,2025-06-12,4,CD,USD
TSN,0.5,2025-05-30,2025-05-30,2025-06-13,4,CD,USD
ICE,0.48,2025-06-13,2025-06-13,2025-06-30,4,CD,USD
FKRAF,0.42,2025-09-11,2025-09-11,2025-09-18,2,CD,EUR
ICE,0.48,2025-09-16,2025-09-16,2025-09-30,4,CD,USD
CSMHF,0.5,2025-10-03,2025-10-03,2025-10-08,1,CD,SEK
TELNF,4.6,2025-10-17,2025-10-17,2025-10-28,2,CD,NOK
WLNTF,0.25,2025-11-03,2025-11-03,2025-11-06,2,CD,SEK
SCTBF,2.25,2025-11-20,2025-11-20,2025-11-25,2,CD,SEK
ICE,0.48,2025-12-16,2025-12-16,2025-12-31,4,CD,USD
LUXHP,0.2708333,2025-02-14,2025-02-15,2025-02-28,12,CD,USD
SABK,0.1,2025-02-14,2025-02-14,2025-02-28,1,CD,USD
PWP,0.07,2025-02-18,2025-02-18,2025-03-10,4,CD,USD
SBR,0.43951,2025-02-18,2025-02-18,2025-02-28,12,CD,USD
UI,0.6,2025-02-18,2025-02-18,2025-02-24,4,CD,USD
BANCPRF,0.4845,2025-02-19,2025-02-19,2025-03-03,4,CD,USD
BHLB,0.18,2025-02-20,2025-02-20,2025-03-06,4,CD,USD
AVIKF,5.74,2025-02-21,2025-02-21,2025-04-10,2,CD,THB
AVIVF,5.74,2025-02-21,2025-02-21,2025-04-14,2,CD,THB
AVIZF,5.74,2025-02-21,2025-02-21,2025-04-10,2,CD,THB
BBWI,0.2,2025-02-21,2025-02-21,2025-03-07,4,CD,USD
APMSF,0.5,2025-02-26,2025-02-26,2025-03-20,4,CD,EUR
AJMPF,0.048,2025-02-28,2025-02-28,2025-03-31,2,CD,GBP
KIM,0.25,2025-03-07,2025-03-07,2025-03-21,4,CD,USD
MMI,0.25,2025-03-12,2025-03-12,2025-04-04,2,CD,USD
AME,0.31,2025-03-14,2025-03-14,2025-03-31,4,CD,USD
BANC,0.1,2025-03-14,2025-03-14,2025-04-01,4,CD,USD
DNSKF,5.35,2025-03-25,2025-03-25,2025-03-26,0,SC,DKK
DNSKF,9.35,2025-03-25,2025-03-25,2025-03-26,2,CD,DKK
KNCRF,1.65,2025-03-31,2025-03-31,2025-04-08,1,CD,EUR
SPIZF,8.5,2025-03-31,2025-03-31,2025-04-07,1,CD,NOK
SKSBF,8,2025-04-09,2025-04-09,2025-04-14,1,CD,SEK
SAABF,1,2025-04-14,2025-04-14,2025-04-17,2,CD,SEK
IVCGF,0.33,2025-04-23,2025-04-23,2025-04-24,1,CD,EUR
VCISF,3.7,2025-04-23,2025-04-23,2025-04-24,0,CD,EUR
THLPF,4.15,2025-05-02,2025-05-02,2025-05-07,2,CD,SEK
LRLCF,7,2025-05-06,2025-05-06,2025-05-07,1,CD,EUR
SBBTF,2.25,2025-05-09,2025-05-09,2025-05-16,1,CD,NOK
SBSNF,2.25,2025-05-09,2025-05-09,2025-05-16,1,CD,NOK
NSKFF,10,2025-05-12,2025-05-12,2025-05-27,1,CD,NOK
APMSF,0.5,2025-05-16,2025-05-16,2025-06-12,4,CD,EUR
YRAIF,5,2025-06-02,2025-06-02,2025-06-11,1,CD,NOK
APMSF,0.5,2025-08-18,2025-08-18,2025-09-11,4,CD,EUR
THLPF,4.15,2025-10-06,2025-10-06,2025-10-09,2,CD,SEK
SAABF,1,2025-10-07,2025-10-07,2025-10-10,2,CD,SEK
NSKFF,12,2025-10-10,2025-10-10,2025-10-23,0,SC,NOK
APMSF,0.5,2025-11-18,2025-11-18,2025-12-12,4,CD,EUR
